load_zone,fuel,period,fuel_cost
BASN,Coal,2050,1.306366598295014
BASN,Naturalgas,2050,4.397809885300955
BASN,Distillate,2050,23.099672118315674
BASN,Uranium,2050,0.7356175205631619
RMRG,Coal,2050,1.306366598295014
RMRG,Naturalgas,2050,4.397809885300955
RMRG,Distillate,2050,23.099672118315674
RMRG,Uranium,2050,0.7356175205631619
SRSG,Coal,2050,1.306366598295014
SRSG,Naturalgas,2050,4.397809885300955
SRSG,Distillate,2050,23.099672118315674
SRSG,Uranium,2050,0.7356175205631619
CANO,Coal,2050,1.7788397036941355
CANO,Naturalgas,2050,4.194119314905708
CANO,Distillate,2050,22.078258369930246
CANO,Uranium,2050,0.7356175205631619
CASO,Coal,2050,1.7788397036941355
CASO,Naturalgas,2050,4.194119314905708
CASO,Distillate,2050,22.078258369930246
CASO,Uranium,2050,0.7356175205631619
NWPP,Coal,2050,1.7788397036941355
NWPP,Naturalgas,2050,4.194119314905708
NWPP,Distillate,2050,22.078258369930246
NWPP,Uranium,2050,0.7356175205631619
TRE,Coal,2050,1.694043451046241
TRE,Naturalgas,2050,3.4870572523895627
TRE,Distillate,2050,19.3773477680186
TRE,Uranium,2050,0.7356175205631619
TRE_WEST,Coal,2050,1.694043451046241
TRE_WEST,Naturalgas,2050,3.4870572523895627
TRE_WEST,Distillate,2050,19.3773477680186
TRE_WEST,Uranium,2050,0.7356175205631619
SPPS,Coal,2050,1.694043451046241
SPPS,Naturalgas,2050,3.4870572523895627
SPPS,Distillate,2050,19.3773477680186
SPPS,Uranium,2050,0.7356175205631619
MISS,Coal,2050,1.694043451046241
MISS,Naturalgas,2050,3.4870572523895627
MISS,Distillate,2050,19.3773477680186
MISS,Uranium,2050,0.7356175205631619
SRCE,Coal,2050,1.6910825546370443
SRCE,Naturalgas,2050,3.678760967966933
SRCE,Distillate,2050,19.368751617153187
SRCE,Uranium,2050,0.7356175205631619
FRCC,Coal,2050,2.2165461544820455
FRCC,Naturalgas,2050,3.984535605528287
FRCC,Distillate,2050,22.06307183673469
FRCC,Uranium,2050,0.7356175205631619
SRSE,Coal,2050,2.2165461544820455
SRSE,Naturalgas,2050,3.984535605528287
SRSE,Distillate,2050,22.06307183673469
SRSE,Uranium,2050,0.7356175205631619
PJMD,Coal,2050,2.2165461544820455
PJMD,Naturalgas,2050,3.984535605528287
PJMD,Distillate,2050,22.06307183673469
PJMD,Uranium,2050,0.7356175205631619
SRCA,Coal,2050,2.2165461544820455
SRCA,Naturalgas,2050,3.984535605528287
SRCA,Distillate,2050,22.06307183673469
SRCA,Uranium,2050,0.7356175205631619
SPPC,Coal,2050,1.5141833211056572
SPPC,Naturalgas,2050,3.8082858589511748
SPPC,Distillate,2050,17.938161087574265
SPPC,Uranium,2050,0.7356175205631619
SPPN,Coal,2050,1.5141833211056572
SPPN,Naturalgas,2050,3.8082858589511748
SPPN,Distillate,2050,17.938161087574265
SPPN,Uranium,2050,0.7356175205631619
MISW,Coal,2050,1.791829442779643
MISW,Naturalgas,2050,3.0452628543012135
MISW,Distillate,2050,17.88410084990958
MISW,Uranium,2050,0.7356175205631619
MISE,Coal,2050,1.791829442779643
MISE,Naturalgas,2050,3.0452628543012135
MISE,Distillate,2050,17.88410084990958
MISE,Uranium,2050,0.7356175205631619
MISC,Coal,2050,1.791829442779643
MISC,Naturalgas,2050,3.0452628543012135
MISC,Distillate,2050,17.88410084990958
MISC,Uranium,2050,0.7356175205631619
PJMC,Coal,2050,1.791829442779643
PJMC,Naturalgas,2050,3.0452628543012135
PJMC,Distillate,2050,17.88410084990958
PJMC,Uranium,2050,0.7356175205631619
PJMW,Coal,2050,1.791829442779643
PJMW,Naturalgas,2050,3.0452628543012135
PJMW,Distillate,2050,17.88410084990958
PJMW,Uranium,2050,0.7356175205631619
PJME,Coal,2050,1.6324663570136912
PJME,Naturalgas,2050,2.8229186365280285
PJME,Distillate,2050,23.7922353397055
PJME,Uranium,2050,0.7356175205631619
NYCW,Coal,2050,1.6324663570136912
NYCW,Naturalgas,2050,2.8229186365280285
NYCW,Distillate,2050,23.7922353397055
NYCW,Uranium,2050,0.7356175205631619
NYUP,Coal,2050,1.6324663570136912
NYUP,Naturalgas,2050,2.8229186365280285
NYUP,Distillate,2050,23.7922353397055
NYUP,Uranium,2050,0.7356175205631619
ISNE,Coal,2050,0.0
ISNE,Naturalgas,2050,3.4411251529320586
ISNE,Distillate,2050,19.946412955308702
ISNE,Uranium,2050,0.7356175205631619
