GENERATION_PROJECT,build_year,gen_predetermined_cap,gen_predetermined_storage_energy_mwh
BASN_conventional_hydroelectric_1,1961,130.0,.
BASN_conventional_hydroelectric_1,1978,60.900000000000006,.
BASN_conventional_hydroelectric_1,1959,120.1,.
BASN_conventional_hydroelectric_1,1958,409.2,.
BASN_conventional_hydroelectric_1,1980,241.7,.
BASN_conventional_hydroelectric_1,1952,92.0,.
BASN_conventional_hydroelectric_1,1995,34.5,.
BASN_conventional_hydroelectric_1,1957,132.3,.
BASN_conventional_hydroelectric_1,1951,20.0,.
BASN_conventional_hydroelectric_1,1963,101.2,.
BASN_conventional_hydroelectric_1,1964,50.6,.
BASN_conventional_hydroelectric_1,1992,36.9,.
BASN_conventional_hydroelectric_1,2021,0.1,.
BASN_conventional_hydroelectric_1,1988,48.7,.
BASN_conventional_steam_coal_1,1994,5.0,.
BASN_conventional_steam_coal_1,1993,51.0,.
BASN_conventional_steam_coal_1,2008,219.2,.
BASN_natural_gas_fired_combined_cycle_1,1979,162.0,.
BASN_natural_gas_fired_combined_cycle_1,1994,297.0,.
BASN_natural_gas_fired_combined_cycle_1,1982,81.0,.
BASN_natural_gas_fired_combined_cycle_1,1980,81.0,.
BASN_natural_gas_fired_combined_cycle_1,1993,88.0,.
BASN_natural_gas_fired_combined_cycle_1,2008,864.0,.
BASN_natural_gas_fired_combined_cycle_1,1996,40.0,.
BASN_natural_gas_fired_combined_cycle_1,2025,840.0,.
BASN_natural_gas_fired_combined_cycle_1,2011,524.0,.
BASN_natural_gas_fired_combined_cycle_1,2003,816.6,.
BASN_natural_gas_fired_combined_cycle_1,1991,105.0,.
BASN_natural_gas_fired_combined_cycle_1,2006,1471.0,.
BASN_natural_gas_fired_combined_cycle_1,2004,1340.0,.
BASN_natural_gas_fired_combined_cycle_1,2005,286.0,.
BASN_natural_gas_fired_combined_cycle_1,2007,563.0,.
BASN_natural_gas_fired_combined_cycle_1,2014,647.4,.
BASN_natural_gas_fired_combined_cycle_1,2012,319.9,.
BASN_natural_gas_fired_combustion_turbine_1,2008,952.6,.
BASN_natural_gas_fired_combustion_turbine_1,2002,273.7,.
BASN_natural_gas_fired_combustion_turbine_1,2001,207.1,.
BASN_natural_gas_fired_combustion_turbine_1,2012,27.0,.
BASN_natural_gas_fired_combustion_turbine_1,2006,115.0,.
BASN_natural_gas_fired_combustion_turbine_1,2005,196.9,.
BASN_natural_gas_fired_combustion_turbine_1,2010,45.4,.
BASN_natural_gas_fired_combustion_turbine_1,2004,30.200000000000003,.
BASN_natural_gas_fired_combustion_turbine_1,2009,8.0,.
BASN_natural_gas_fired_combustion_turbine_1,2015,5.3,.
BASN_natural_gas_fired_combustion_turbine_1,2019,15.0,.
BASN_natural_gas_internal_combustion_engine_1,2000,6.0,.
BASN_natural_gas_internal_combustion_engine_1,2002,6.199999999999999,.
BASN_natural_gas_internal_combustion_engine_1,2016,5.0,.
BASN_natural_gas_internal_combustion_engine_1,2004,6.6,.
BASN_natural_gas_internal_combustion_engine_1,2015,4.199999999999999,.
BASN_natural_gas_internal_combustion_engine_1,2003,3.8,.
BASN_natural_gas_internal_combustion_engine_1,2001,0.7,.
BASN_natural_gas_internal_combustion_engine_1,1995,4.0,.
BASN_natural_gas_internal_combustion_engine_1,2022,24.0,.
BASN_natural_gas_internal_combustion_engine_1,1996,0.1,.
BASN_natural_gas_internal_combustion_engine_1,2005,117.60000000000001,.
BASN_natural_gas_internal_combustion_engine_1,2006,1.9,.
BASN_natural_gas_internal_combustion_engine_1,2007,5.8,.
BASN_natural_gas_internal_combustion_engine_1,2025,2.4,.
BASN_natural_gas_internal_combustion_engine_1,2008,4.0,.
BASN_natural_gas_internal_combustion_engine_1,2018,12.0,.
BASN_solar_photovoltaic_1,2022,508.6,.
BASN_solar_photovoltaic_1,2021,843.4,.
BASN_solar_photovoltaic_1,2023,1672.1000000000001,.
BASN_solar_photovoltaic_1,2025,663.0,.
BASN_solar_photovoltaic_1,2024,636.0,.
CANO_conventional_hydroelectric_1,1958,530.0,.
CANO_conventional_hydroelectric_1,1969,632.4,.
CANO_conventional_hydroelectric_1,1965,372.5,.
CANO_conventional_hydroelectric_1,1979,390.0,.
CANO_conventional_hydroelectric_1,1966,304.0,.
CANO_conventional_hydroelectric_1,1962,130.1,.
CANO_conventional_hydroelectric_1,1955,310.1,.
CANO_conventional_hydroelectric_1,1953,33.0,.
CANO_conventional_hydroelectric_1,1963,483.40000000000003,.
CANO_conventional_hydroelectric_1,1960,156.8,.
CANO_conventional_hydroelectric_1,1967,173.5,.
CANO_conventional_hydroelectric_1,1987,36.5,.
CANO_conventional_hydroelectric_1,1957,61.2,.
CANO_conventional_hydroelectric_1,1968,711.9000000000001,.
CANO_conventional_hydroelectric_1,1961,78.1,.
CANO_conventional_hydroelectric_1,1971,239.1,.
CANO_conventional_hydroelectric_1,1983,155.5,.
CANO_conventional_hydroelectric_1,1989,291.2,.
CANO_conventional_hydroelectric_1,1964,320.0,.
CANO_conventional_hydroelectric_1,1984,165.0,.
CANO_conventional_hydroelectric_1,1985,14.400000000000002,.
CANO_conventional_hydroelectric_1,1986,20.0,.
CANO_conventional_hydroelectric_1,2017,7.3,.
CANO_conventional_hydroelectric_1,1990,0.8,.
CANO_hydroelectric_pumped_storage_1,1987,199.8,3096.9
CANO_hydroelectric_pumped_storage_1,1968,435.3,6747.15
CANO_hydroelectric_pumped_storage_1,1969,122.6,1900.3
CANO_hydroelectric_pumped_storage_1,1967,307.2,4761.6
CANO_hydroelectric_pumped_storage_1,1984,1212.0,18786.0
CANO_natural_gas_fired_combined_cycle_1,2002,1903.6,.
CANO_natural_gas_fired_combined_cycle_1,2003,2322.9,.
CANO_natural_gas_fired_combined_cycle_1,2011,46.0,.
CANO_natural_gas_fired_combined_cycle_1,1989,28.0,.
CANO_natural_gas_fired_combined_cycle_1,1995,357.20000000000005,.
CANO_natural_gas_fired_combined_cycle_1,1997,296.8,.
CANO_natural_gas_fired_combined_cycle_1,2004,52.2,.
CANO_natural_gas_fired_combined_cycle_1,1990,6.5,.
CANO_natural_gas_fired_combined_cycle_1,1992,104.0,.
CANO_natural_gas_fired_combined_cycle_1,2006,881.0,.
CANO_natural_gas_fired_combined_cycle_1,1996,54.5,.
CANO_natural_gas_fired_combined_cycle_1,2001,1473.0,.
CANO_natural_gas_fired_combined_cycle_1,2005,744.7,.
CANO_natural_gas_fired_combined_cycle_1,2013,774.1,.
CANO_natural_gas_fired_combined_cycle_1,2012,456.8,.
CANO_natural_gas_fired_combined_cycle_1,2007,211.0,.
CANO_natural_gas_fired_combined_cycle_1,2009,585.8,.
CANO_natural_gas_fired_combined_cycle_1,2010,668.0,.
CANO_natural_gas_fired_combustion_turbine_1,2012,373.6,.
CANO_natural_gas_fired_combustion_turbine_1,2001,309.7,.
CANO_natural_gas_fired_combustion_turbine_1,2022,120.0,.
CANO_natural_gas_fired_combustion_turbine_1,2015,4.4,.
CANO_natural_gas_fired_combustion_turbine_1,2002,328.0,.
CANO_natural_gas_fired_combustion_turbine_1,2003,272.3,.
CANO_natural_gas_fired_combustion_turbine_1,2006,100.0,.
CANO_natural_gas_fired_combustion_turbine_1,2005,96.0,.
CANO_natural_gas_fired_combustion_turbine_1,2009,532.0,.
CANO_natural_gas_fired_combustion_turbine_1,2013,804.8,.
CANO_natural_gas_fired_combustion_turbine_1,2016,1.8,.
CANO_natural_gas_internal_combustion_engine_1,2010,152.70000000000002,.
CANO_natural_gas_internal_combustion_engine_1,2011,65.5,.
CANO_natural_gas_internal_combustion_engine_1,2004,1.0,.
CANO_natural_gas_internal_combustion_engine_1,2001,94.4,.
CANO_natural_gas_internal_combustion_engine_1,1997,1.6,.
CANO_natural_gas_internal_combustion_engine_1,2008,4.2,.
CANO_natural_gas_internal_combustion_engine_1,2002,4.4,.
CANO_natural_gas_internal_combustion_engine_1,2003,1.5,.
CANO_natural_gas_internal_combustion_engine_1,2007,1.0,.
CANO_onshore_wind_turbine_1,2022,5.6,.
CANO_onshore_wind_turbine_1,2021,56.2,.
CANO_petroleum_liquids_1,2014,25.299999999999997,.
CANO_petroleum_liquids_1,2017,27.599999999999998,.
CANO_petroleum_liquids_1,2015,41.5,.
CANO_petroleum_liquids_1,2011,45.0,.
CANO_solar_photovoltaic_1,2023,606.1,.
CANO_solar_photovoltaic_1,2021,543.9,.
CANO_solar_photovoltaic_1,2024,696.1,.
CANO_solar_photovoltaic_1,2022,294.1,.
CASO_conventional_hydroelectric_1,1980,36.5,.
CASO_conventional_hydroelectric_1,1951,100.0,.
CASO_conventional_hydroelectric_1,1960,190.0,.
CASO_conventional_hydroelectric_1,1972,108.5,.
CASO_conventional_hydroelectric_1,1952,75.0,.
CASO_conventional_hydroelectric_1,1953,36.5,.
CASO_conventional_hydroelectric_1,1976,57.0,.
CASO_conventional_hydroelectric_1,1994,74.0,.
CASO_conventional_hydroelectric_1,1992,74.0,.
CASO_conventional_hydroelectric_1,1982,38.0,.
CASO_conventional_hydroelectric_1,1983,65.0,.
CASO_conventional_hydroelectric_1,1987,27.0,.
CASO_conventional_hydroelectric_1,1996,32.400000000000006,.
CASO_conventional_hydroelectric_1,2001,3.3,.
CASO_conventional_hydroelectric_1,2023,3.3,.
CASO_conventional_hydroelectric_1,1993,1.8,.
CASO_hydroelectric_pumped_storage_1,1973,270.5,4192.75
CASO_hydroelectric_pumped_storage_1,1974,270.5,4192.75
CASO_hydroelectric_pumped_storage_1,1977,541.0,8385.5
CASO_hydroelectric_pumped_storage_1,1978,541.0,8385.5
CASO_hydroelectric_pumped_storage_1,2012,42.0,651.0
CASO_natural_gas_fired_combined_cycle_1,2005,2765.0,.
CASO_natural_gas_fired_combined_cycle_1,2006,784.0,.
CASO_natural_gas_fired_combined_cycle_1,1995,206.0,.
CASO_natural_gas_fired_combined_cycle_1,2015,311.0,.
CASO_natural_gas_fired_combined_cycle_1,2004,533.0,.
CASO_natural_gas_fired_combined_cycle_1,2016,84.0,.
CASO_natural_gas_fired_combined_cycle_1,2013,555.9,.
CASO_natural_gas_fired_combined_cycle_1,1996,48.300000000000004,.
CASO_natural_gas_fired_combined_cycle_1,1987,77.4,.
CASO_natural_gas_fired_combined_cycle_1,2003,1375.0,.
CASO_natural_gas_fired_combined_cycle_1,2002,13.7,.
CASO_natural_gas_fired_combined_cycle_1,1993,87.0,.
CASO_natural_gas_fired_combined_cycle_1,2001,51.4,.
CASO_natural_gas_fired_combined_cycle_1,1988,84.5,.
CASO_natural_gas_fired_combined_cycle_1,1994,49.4,.
CASO_natural_gas_fired_combined_cycle_1,2009,607.1,.
CASO_natural_gas_fired_combined_cycle_1,2007,19.0,.
CASO_natural_gas_fired_combustion_turbine_1,2004,147.20000000000002,.
CASO_natural_gas_fired_combustion_turbine_1,2002,437.5,.
CASO_natural_gas_fired_combustion_turbine_1,2013,1945.9,.
CASO_natural_gas_fired_combustion_turbine_1,2015,216.4,.
CASO_natural_gas_fired_combustion_turbine_1,2008,3.5,.
CASO_natural_gas_fired_combustion_turbine_1,2016,340.4,.
CASO_natural_gas_fired_combustion_turbine_1,2019,30.5,.
CASO_natural_gas_fired_combustion_turbine_1,2003,97.4,.
CASO_natural_gas_fired_combustion_turbine_1,2012,60.0,.
CASO_natural_gas_fired_combustion_turbine_1,2001,458.7,.
CASO_natural_gas_fired_combustion_turbine_1,2014,59.0,.
CASO_natural_gas_fired_combustion_turbine_1,2006,100.0,.
CASO_natural_gas_fired_combustion_turbine_1,2011,290.8,.
CASO_natural_gas_fired_combustion_turbine_1,2005,51.0,.
CASO_natural_gas_fired_combustion_turbine_1,2009,47.0,.
CASO_natural_gas_fired_combustion_turbine_1,2007,195.0,.
CASO_natural_gas_fired_combustion_turbine_1,2010,163.0,.
CASO_natural_gas_fired_combustion_turbine_1,2018,527.5,.
CASO_natural_gas_fired_combustion_turbine_1,2017,45.3,.
CASO_natural_gas_internal_combustion_engine_1,2012,12.600000000000001,.
CASO_natural_gas_internal_combustion_engine_1,2001,2.8,.
CASO_natural_gas_internal_combustion_engine_1,2015,1.2,.
CASO_natural_gas_internal_combustion_engine_1,2023,1.5,.
CASO_natural_gas_internal_combustion_engine_1,2002,1.0,.
CASO_natural_gas_internal_combustion_engine_1,2005,8.4,.
CASO_natural_gas_internal_combustion_engine_1,2006,3.5999999999999996,.
CASO_natural_gas_internal_combustion_engine_1,2013,4.4,.
CASO_natural_gas_internal_combustion_engine_1,2018,6.6,.
CASO_onshore_wind_turbine_1,2021,293.6,.
CASO_onshore_wind_turbine_1,2022,70.9,.
CASO_onshore_wind_turbine_1,2023,122.5,.
CASO_petroleum_liquids_1,2011,2.3000000000000003,.
CASO_petroleum_liquids_1,2018,1.0,.
CASO_solar_photovoltaic_1,2023,2680.3,.
CASO_solar_photovoltaic_1,2024,803.0,.
CASO_solar_photovoltaic_1,2022,1675.8,.
CASO_solar_photovoltaic_1,2021,782.3,.
FRCC_conventional_hydroelectric_1,2003,14.5,.
FRCC_conventional_hydroelectric_1,2002,14.5,.
FRCC_conventional_hydroelectric_1,2001,14.5,.
FRCC_conventional_steam_coal_1,1987,445.0,.
FRCC_conventional_steam_coal_1,1996,453.0,.
FRCC_natural_gas_fired_combined_cycle_1,2023,1129.7,.
FRCC_natural_gas_fired_combined_cycle_1,2010,300.0,.
FRCC_natural_gas_fired_combined_cycle_1,2013,1393.0,.
FRCC_natural_gas_fired_combined_cycle_1,1969,764.0,.
FRCC_natural_gas_fired_combined_cycle_1,1958,141.0,.
FRCC_natural_gas_fired_combined_cycle_1,2001,1811.7,.
FRCC_natural_gas_fired_combined_cycle_1,2000,1059.0,.
FRCC_natural_gas_fired_combined_cycle_1,2022,2326.0,.
FRCC_natural_gas_fired_combined_cycle_1,2016,1338.0,.
FRCC_natural_gas_fired_combined_cycle_1,2014,1393.0,.
FRCC_natural_gas_fired_combined_cycle_1,2003,1962.0,.
FRCC_natural_gas_fired_combined_cycle_1,2002,2588.5,.
FRCC_natural_gas_fired_combined_cycle_1,1974,360.0,.
FRCC_natural_gas_fired_combined_cycle_1,2007,2192.0,.
FRCC_natural_gas_fired_combined_cycle_1,2018,1884.0,.
FRCC_natural_gas_fired_combined_cycle_1,2009,3997.0,.
FRCC_natural_gas_fired_combined_cycle_1,2021,38.0,.
FRCC_natural_gas_fired_combined_cycle_1,1992,90.0,.
FRCC_natural_gas_fired_combined_cycle_1,1956,35.0,.
FRCC_natural_gas_fired_combined_cycle_1,2008,537.1,.
FRCC_natural_gas_fired_combined_cycle_1,1977,145.0,.
FRCC_natural_gas_fired_combined_cycle_1,2005,2867.0,.
FRCC_natural_gas_fired_combined_cycle_1,1994,1186.0,.
FRCC_natural_gas_fired_combined_cycle_1,1995,235.6,.
FRCC_natural_gas_fired_combined_cycle_1,2011,1701.8000000000002,.
FRCC_natural_gas_fired_combined_cycle_1,2017,480.0,.
FRCC_natural_gas_fired_combined_cycle_1,1999,521.0,.
FRCC_natural_gas_fired_combined_cycle_1,1997,224.0,.
FRCC_natural_gas_fired_combined_cycle_1,1965,243.0,.
FRCC_natural_gas_fired_combined_cycle_1,1967,315.0,.
FRCC_natural_gas_fired_combined_cycle_1,2004,1299.0,.
FRCC_natural_gas_fired_combined_cycle_1,1993,385.0,.
FRCC_natural_gas_fired_combined_cycle_1,2019,1723.1,.
FRCC_natural_gas_fired_combined_cycle_1,2026,573.0,.
FRCC_natural_gas_fired_combustion_turbine_1,2003,400.0,.
FRCC_natural_gas_fired_combustion_turbine_1,2016,1581.3,.
FRCC_natural_gas_fired_combustion_turbine_1,2009,500.5,.
FRCC_natural_gas_fired_combustion_turbine_1,2021,784.0,.
FRCC_natural_gas_fired_combustion_turbine_1,2005,96.0,.
FRCC_natural_gas_fired_combustion_turbine_1,2006,310.0,.
FRCC_natural_gas_fired_combustion_turbine_1,2001,505.2,.
FRCC_natural_gas_fired_combustion_turbine_1,2015,7.8,.
FRCC_natural_gas_fired_combustion_turbine_1,2002,2085.6,.
FRCC_natural_gas_fired_combustion_turbine_1,2007,180.0,.
FRCC_natural_gas_fired_combustion_turbine_1,2011,384.2,.
FRCC_natural_gas_internal_combustion_engine_1,2024,120.0,.
FRCC_natural_gas_internal_combustion_engine_1,2019,74.0,.
FRCC_natural_gas_internal_combustion_engine_1,2017,7.4,.
FRCC_natural_gas_internal_combustion_engine_1,2018,18.4,.
FRCC_nuclear_1,1972,859.0,.
FRCC_nuclear_1,1973,888.0,.
FRCC_nuclear_1,1976,1003.0,.
FRCC_nuclear_1,1983,987.0,.
FRCC_petroleum_liquids_1,2013,0.1,.
FRCC_petroleum_liquids_1,2012,2.5,.
FRCC_solar_photovoltaic_1,2023,1101.1,.
FRCC_solar_photovoltaic_1,2022,889.3,.
FRCC_solar_photovoltaic_1,2021,1029.3,.
FRCC_solar_photovoltaic_1,2024,1192.0,.
FRCC_solar_photovoltaic_1,2026,74.5,.
FRCC_solar_photovoltaic_1,2025,670.5,.
ISNE_conventional_hydroelectric_1,1955,78.2,.
ISNE_conventional_hydroelectric_1,1954,66.89999999999999,.
ISNE_conventional_hydroelectric_1,1952,18.1,.
ISNE_conventional_hydroelectric_1,1983,15.0,.
ISNE_conventional_hydroelectric_1,1957,190.8,.
ISNE_conventional_hydroelectric_1,2023,4.6,.
ISNE_conventional_hydroelectric_1,2008,16.2,.
ISNE_conventional_hydroelectric_1,1987,12.8,.
ISNE_conventional_hydroelectric_1,1984,1.6,.
ISNE_conventional_hydroelectric_1,1988,5.4,.
ISNE_conventional_hydroelectric_1,1989,0.1,.
ISNE_conventional_hydroelectric_1,1975,7.6,.
ISNE_conventional_hydroelectric_1,1953,22.4,.
ISNE_conventional_hydroelectric_1,1967,12.1,.
ISNE_conventional_hydroelectric_1,1986,8.7,.
ISNE_conventional_hydroelectric_1,1980,3.2,.
ISNE_conventional_hydroelectric_1,1981,1.1,.
ISNE_hydroelectric_pumped_storage_1,1973,876.0,13578.0
ISNE_hydroelectric_pumped_storage_1,1972,292.0,4526.0
ISNE_hydroelectric_pumped_storage_1,1974,600.0,9300.0
ISNE_natural_gas_fired_combined_cycle_1,2019,514.8,.
ISNE_natural_gas_fired_combined_cycle_1,2002,2923.7,.
ISNE_natural_gas_fired_combined_cycle_1,1958,22.9,.
ISNE_natural_gas_fired_combined_cycle_1,1995,510.1,.
ISNE_natural_gas_fired_combined_cycle_1,1991,574.9,.
ISNE_natural_gas_fired_combined_cycle_1,1990,61.0,.
ISNE_natural_gas_fired_combined_cycle_1,2012,15.0,.
ISNE_natural_gas_fired_combined_cycle_1,1993,503.1,.
ISNE_natural_gas_fired_combined_cycle_1,1992,93.1,.
ISNE_natural_gas_fired_combined_cycle_1,2024,5.9,.
ISNE_natural_gas_fired_combined_cycle_1,2008,78.2,.
ISNE_natural_gas_fired_combined_cycle_1,1999,619.0,.
ISNE_natural_gas_fired_combined_cycle_1,1998,381.0,.
ISNE_natural_gas_fired_combined_cycle_1,2000,1094.6,.
ISNE_natural_gas_fired_combined_cycle_1,2001,1513.6,.
ISNE_natural_gas_fired_combined_cycle_1,2004,585.3,.
ISNE_natural_gas_fired_combined_cycle_1,2003,1640.0,.
ISNE_natural_gas_fired_combined_cycle_1,2018,1647.5,.
ISNE_natural_gas_fired_combined_cycle_1,2011,623.0,.
ISNE_natural_gas_fired_combined_cycle_1,2016,0.5,.
ISNE_natural_gas_fired_combined_cycle_1,2010,14.6,.
ISNE_natural_gas_fired_combined_cycle_1,2006,24.1,.
ISNE_natural_gas_fired_combustion_turbine_1,2019,574.7,.
ISNE_natural_gas_fired_combustion_turbine_1,2009,345.2,.
ISNE_natural_gas_fired_combustion_turbine_1,2022,64.6,.
ISNE_natural_gas_fired_combustion_turbine_1,2007,99.1,.
ISNE_natural_gas_fired_combustion_turbine_1,2003,32.5,.
ISNE_natural_gas_fired_combustion_turbine_1,2017,14.9,.
ISNE_natural_gas_fired_combustion_turbine_1,2013,7.5,.
ISNE_natural_gas_fired_combustion_turbine_1,2001,427.8,.
ISNE_natural_gas_fired_combustion_turbine_1,2004,7.6,.
ISNE_natural_gas_fired_combustion_turbine_1,2025,6.4,.
ISNE_natural_gas_fired_combustion_turbine_1,2011,22.4,.
ISNE_natural_gas_fired_combustion_turbine_1,2015,11.3,.
ISNE_natural_gas_fired_combustion_turbine_1,2021,41.4,.
ISNE_natural_gas_fired_combustion_turbine_1,2018,98.6,.
ISNE_natural_gas_fired_combustion_turbine_1,2008,19.6,.
ISNE_natural_gas_fired_combustion_turbine_1,2006,6.2,.
ISNE_natural_gas_fired_combustion_turbine_1,2005,14.6,.
ISNE_natural_gas_fired_combustion_turbine_1,2023,59.0,.
ISNE_natural_gas_internal_combustion_engine_1,2019,7.1,.
ISNE_natural_gas_internal_combustion_engine_1,2013,2.0,.
ISNE_natural_gas_internal_combustion_engine_1,2015,4.5,.
ISNE_natural_gas_internal_combustion_engine_1,1994,5.2,.
ISNE_natural_gas_internal_combustion_engine_1,1999,1.9,.
ISNE_natural_gas_internal_combustion_engine_1,2009,4.8,.
ISNE_natural_gas_internal_combustion_engine_1,2004,2.6,.
ISNE_natural_gas_internal_combustion_engine_1,2002,3.9,.
ISNE_natural_gas_internal_combustion_engine_1,2010,1.9,.
ISNE_natural_gas_internal_combustion_engine_1,2017,2.0,.
ISNE_natural_gas_internal_combustion_engine_1,2014,12.5,.
ISNE_natural_gas_steam_turbine_1,2002,3.0,.
ISNE_natural_gas_steam_turbine_1,2013,0.6,.
ISNE_natural_gas_steam_turbine_1,2007,3.0,.
ISNE_natural_gas_steam_turbine_1,2003,3.0,.
ISNE_natural_gas_steam_turbine_1,2021,0.6,.
ISNE_nuclear_1,1975,863.3,.
ISNE_nuclear_1,1986,1233.4,.
ISNE_nuclear_1,1990,1251.4,.
ISNE_onshore_wind_turbine_1,2021,19.8,.
ISNE_petroleum_liquids_1,2019,17.9,.
ISNE_petroleum_liquids_1,2012,145.2,.
ISNE_petroleum_liquids_1,2018,12.5,.
ISNE_petroleum_liquids_1,2011,197.0,.
ISNE_petroleum_liquids_1,2017,4.0,.
ISNE_petroleum_liquids_1,2014,15.0,.
ISNE_petroleum_liquids_1,2015,0.2,.
ISNE_petroleum_liquids_1,2013,0.4,.
ISNE_petroleum_liquids_1,2016,0.2,.
ISNE_solar_photovoltaic_1,2024,73.6,.
ISNE_solar_photovoltaic_1,2023,169.5,.
ISNE_solar_photovoltaic_1,2022,181.9,.
ISNE_solar_photovoltaic_1,2021,456.09999999999997,.
ISNE_solar_photovoltaic_1,2025,100.0,.
MISC_conventional_hydroelectric_1,1967,50.8,.
MISC_conventional_hydroelectric_1,1953,62.0,.
MISC_conventional_hydroelectric_1,2016,87.9,.
MISC_conventional_hydroelectric_1,2017,75.9,.
MISC_conventional_steam_coal_1,2009,196.0,.
MISC_conventional_steam_coal_1,1986,534.6,.
MISC_conventional_steam_coal_1,1987,124.0,.
MISC_conventional_steam_coal_1,1994,31.0,.
MISC_conventional_steam_coal_1,1997,75.0,.
MISC_conventional_steam_coal_1,2005,105.0,.
MISC_conventional_steam_coal_1,2012,1630.0,.
MISC_conventional_steam_coal_1,1998,2.8,.
MISC_hydroelectric_pumped_storage_1,1963,440.0,6820.0
MISC_hydroelectric_pumped_storage_1,1984,31.0,480.5
MISC_natural_gas_fired_combined_cycle_1,1958,105.0,.
MISC_natural_gas_fired_combined_cycle_1,2001,581.0,.
MISC_natural_gas_fired_combined_cycle_1,2018,644.0,.
MISC_natural_gas_fired_combined_cycle_1,2003,439.6,.
MISC_natural_gas_fired_combined_cycle_1,1950,89.0,.
MISC_natural_gas_fired_combined_cycle_1,1999,284.6,.
MISC_natural_gas_fired_combined_cycle_1,2011,463.0,.
MISC_natural_gas_fired_combined_cycle_1,2000,486.0,.
MISC_natural_gas_fired_combined_cycle_1,2002,1588.9,.
MISC_natural_gas_fired_combined_cycle_1,2007,503.0,.
MISC_natural_gas_fired_combined_cycle_1,2004,50.0,.
MISC_natural_gas_fired_combustion_turbine_1,2002,1274.0,.
MISC_natural_gas_fired_combustion_turbine_1,2005,809.0,.
MISC_natural_gas_fired_combustion_turbine_1,2012,7.0,.
MISC_natural_gas_fired_combustion_turbine_1,2003,773.9,.
MISC_natural_gas_fired_combustion_turbine_1,2001,1892.0,.
MISC_natural_gas_fired_combustion_turbine_1,2016,45.0,.
MISC_natural_gas_fired_combustion_turbine_1,2007,13.0,.
MISC_natural_gas_fired_combustion_turbine_1,2015,27.6,.
MISC_natural_gas_fired_combustion_turbine_1,2017,98.5,.
MISC_natural_gas_fired_combustion_turbine_1,2021,68.4,.
MISC_natural_gas_fired_combustion_turbine_1,2022,15.5,.
MISC_natural_gas_internal_combustion_engine_1,1994,4.8,.
MISC_natural_gas_internal_combustion_engine_1,2006,8.3,.
MISC_natural_gas_internal_combustion_engine_1,1992,3.0,.
MISC_natural_gas_internal_combustion_engine_1,2001,2.0,.
MISC_natural_gas_internal_combustion_engine_1,1991,1.6,.
MISC_natural_gas_internal_combustion_engine_1,1993,0.8,.
MISC_natural_gas_internal_combustion_engine_1,2022,4.7,.
MISC_natural_gas_internal_combustion_engine_1,2011,2.8,.
MISC_natural_gas_internal_combustion_engine_1,2013,2.5,.
MISC_natural_gas_internal_combustion_engine_1,1999,3.2,.
MISC_natural_gas_internal_combustion_engine_1,2017,1.0,.
MISC_natural_gas_steam_turbine_1,2009,3.4,.
MISC_natural_gas_steam_turbine_1,1938,5.0,.
MISC_natural_gas_steam_turbine_1,2017,4.2,.
MISC_natural_gas_steam_turbine_1,2023,8.0,.
MISC_natural_gas_steam_turbine_1,2004,27.3,.
MISC_nuclear_1,1987,1078.0,.
MISC_nuclear_1,1984,1295.0,.
MISC_onshore_wind_turbine_1,2021,921.4,.
MISC_onshore_wind_turbine_1,2024,54.4,.
MISC_onshore_wind_turbine_1,2023,365.5,.
MISC_onshore_wind_turbine_1,2022,121.3,.
MISC_petroleum_liquids_1,2014,2.5,.
MISC_petroleum_liquids_1,2019,4.8,.
MISC_petroleum_liquids_1,2013,6.3,.
MISC_petroleum_liquids_1,2012,10.899999999999999,.
MISC_petroleum_liquids_1,2011,11.8,.
MISC_solar_photovoltaic_1,2021,545.5,.
MISC_solar_photovoltaic_1,2022,259.1,.
MISC_solar_photovoltaic_1,2024,795.5,.
MISC_solar_photovoltaic_1,2023,605.4,.
MISE_conventional_steam_coal_1,1990,61.4,.
MISE_hydroelectric_pumped_storage_1,1973,2047.0,31728.5
MISE_natural_gas_fired_combined_cycle_1,1990,1413.0,.
MISE_natural_gas_fired_combined_cycle_1,1989,618.0,.
MISE_natural_gas_fired_combined_cycle_1,1998,13.4,.
MISE_natural_gas_fired_combined_cycle_1,1975,11.5,.
MISE_natural_gas_fired_combined_cycle_1,1992,5.0,.
MISE_natural_gas_fired_combined_cycle_1,1986,11.5,.
MISE_natural_gas_fired_combined_cycle_1,2022,1385.1000000000001,.
MISE_natural_gas_fired_combined_cycle_1,1995,156.0,.
MISE_natural_gas_fired_combined_cycle_1,2002,1135.0,.
MISE_natural_gas_fired_combined_cycle_1,2004,1174.0,.
MISE_natural_gas_fired_combined_cycle_1,1999,0.9,.
MISE_natural_gas_fired_combined_cycle_1,1997,11.2,.
MISE_natural_gas_fired_combined_cycle_1,2013,100.2,.
MISE_natural_gas_fired_combined_cycle_1,2017,202.2,.
MISE_natural_gas_fired_combined_cycle_1,2019,33.7,.
MISE_natural_gas_fired_combined_cycle_1,2025,500.0,.
MISE_natural_gas_fired_combustion_turbine_1,2001,868.6,.
MISE_natural_gas_fired_combustion_turbine_1,2002,1593.9,.
MISE_natural_gas_fired_combustion_turbine_1,2006,14.3,.
MISE_natural_gas_fired_combustion_turbine_1,2016,451.6,.
MISE_natural_gas_fired_combustion_turbine_1,2013,3.7,.
MISE_natural_gas_fired_combustion_turbine_1,2018,6.8,.
MISE_natural_gas_fired_combustion_turbine_1,2022,57.1,.
MISE_natural_gas_internal_combustion_engine_1,1993,15.0,.
MISE_natural_gas_internal_combustion_engine_1,2022,27.0,.
MISE_natural_gas_internal_combustion_engine_1,2006,10.5,.
MISE_natural_gas_internal_combustion_engine_1,2002,2.0,.
MISE_natural_gas_internal_combustion_engine_1,1999,0.8,.
MISE_natural_gas_internal_combustion_engine_1,2021,5.0,.
MISE_natural_gas_internal_combustion_engine_1,2015,12.899999999999999,.
MISE_natural_gas_steam_turbine_1,2006,25.0,.
MISE_natural_gas_steam_turbine_1,1993,21.0,.
MISE_natural_gas_steam_turbine_1,1974,15.0,.
MISE_natural_gas_steam_turbine_1,1966,12.5,.
MISE_natural_gas_steam_turbine_1,1965,12.5,.
MISE_natural_gas_steam_turbine_1,2017,2.2,.
MISE_onshore_wind_turbine_1,2021,533.5,.
MISE_onshore_wind_turbine_1,2023,537.1,.
MISE_solar_photovoltaic_1,2021,120.8,.
MISE_solar_photovoltaic_1,2022,154.0,.
MISE_solar_photovoltaic_1,2023,312.5,.
MISE_solar_photovoltaic_1,2025,250.0,.
MISE_solar_photovoltaic_1,2024,40.0,.
MISS_conventional_hydroelectric_1,1955,75.0,.
MISS_conventional_hydroelectric_1,1965,52.0,.
MISS_conventional_hydroelectric_1,1969,80.0,.
MISS_conventional_hydroelectric_1,1988,42.4,.
MISS_conventional_hydroelectric_1,1999,35.0,.
MISS_conventional_hydroelectric_1,1990,192.0,.
MISS_conventional_hydroelectric_1,2024,45.0,.
MISS_natural_gas_fired_combined_cycle_1,2000,566.0999999999999,.
MISS_natural_gas_fired_combined_cycle_1,1961,121.1,.
MISS_natural_gas_fired_combined_cycle_1,1966,243.1,.
MISS_natural_gas_fired_combined_cycle_1,2014,957.3,.
MISS_natural_gas_fired_combined_cycle_1,1971,23.0,.
MISS_natural_gas_fired_combined_cycle_1,1965,15.0,.
MISS_natural_gas_fired_combined_cycle_1,1996,122.8,.
MISS_natural_gas_fired_combined_cycle_1,2012,167.0,.
MISS_natural_gas_fired_combined_cycle_1,1970,118.0,.
MISS_natural_gas_fired_combined_cycle_1,2023,514.0,.
MISS_natural_gas_fired_combined_cycle_1,2001,1784.6,.
MISS_natural_gas_fired_combined_cycle_1,1997,136.0,.
MISS_natural_gas_fired_combined_cycle_1,2002,5421.6,.
MISS_natural_gas_fired_combined_cycle_1,2011,185.6,.
MISS_natural_gas_fired_combined_cycle_1,2003,4164.0,.
MISS_natural_gas_fired_combined_cycle_1,2004,933.0,.
MISS_natural_gas_fired_combined_cycle_1,2005,473.8,.
MISS_natural_gas_fired_combined_cycle_1,2006,227.5,.
MISS_natural_gas_fired_combined_cycle_1,2016,66.0,.
MISS_natural_gas_fired_combined_cycle_1,2021,1000.0,.
MISS_natural_gas_fired_combined_cycle_1,2019,1000.0,.
MISS_natural_gas_fired_combustion_turbine_1,2011,50.0,.
MISS_natural_gas_fired_combustion_turbine_1,2001,987.6,.
MISS_natural_gas_fired_combustion_turbine_1,2006,262.2,.
MISS_natural_gas_fired_combustion_turbine_1,2003,273.5,.
MISS_natural_gas_fired_combustion_turbine_1,2004,276.5,.
MISS_natural_gas_fired_combustion_turbine_1,2005,509.4,.
MISS_natural_gas_fired_combustion_turbine_1,2016,39.0,.
MISS_natural_gas_fired_combustion_turbine_1,2019,48.0,.
MISS_natural_gas_fired_combustion_turbine_1,2012,32.8,.
MISS_natural_gas_fired_combustion_turbine_1,2002,704.4,.
MISS_natural_gas_fired_combustion_turbine_1,2007,49.0,.
MISS_natural_gas_fired_combustion_turbine_1,2018,8.2,.
MISS_natural_gas_internal_combustion_engine_1,2016,68.8,.
MISS_natural_gas_internal_combustion_engine_1,2011,17.0,.
MISS_natural_gas_steam_turbine_1,2005,7.2,.
MISS_natural_gas_steam_turbine_1,2003,2.3,.
MISS_natural_gas_steam_turbine_1,2006,20.5,.
MISS_nuclear_1,1985,2605.0,.
MISS_nuclear_1,1986,967.0,.
MISS_nuclear_1,1974,852.0,.
MISS_nuclear_1,1980,1002.0,.
MISS_solar_photovoltaic_1,2022,250.0,.
MISS_solar_photovoltaic_1,2023,481.0,.
MISS_solar_photovoltaic_1,2021,4.2,.
MISS_solar_photovoltaic_1,2024,175.0,.
MISW_conventional_hydroelectric_1,1986,0.7,.
MISW_conventional_hydroelectric_1,1971,0.3,.
MISW_conventional_hydroelectric_1,1984,6.2,.
MISW_conventional_hydroelectric_1,1977,0.6,.
MISW_conventional_hydroelectric_1,2021,55.0,.
MISW_conventional_steam_coal_1,1997,3.2,.
MISW_conventional_steam_coal_1,2007,818.9,.
MISW_conventional_steam_coal_1,2000,123.8,.
MISW_conventional_steam_coal_1,1969,25.1,.
MISW_conventional_steam_coal_1,1996,6.4,.
MISW_conventional_steam_coal_1,1985,19.5,.
MISW_conventional_steam_coal_1,1965,10.0,.
MISW_conventional_steam_coal_1,2008,558.5,.
MISW_conventional_steam_coal_1,1987,26.2,.
MISW_conventional_steam_coal_1,2009,180.0,.
MISW_conventional_steam_coal_1,1988,131.9,.
MISW_conventional_steam_coal_1,1995,31.0,.
MISW_conventional_steam_coal_1,1990,20.8,.
MISW_conventional_steam_coal_1,2010,637.8,.
MISW_conventional_steam_coal_1,2011,636.0,.
MISW_natural_gas_fired_combined_cycle_1,2002,234.0,.
MISW_natural_gas_fired_combined_cycle_1,1954,117.0,.
MISW_natural_gas_fired_combined_cycle_1,2008,1285.0,.
MISW_natural_gas_fired_combined_cycle_1,1987,158.0,.
MISW_natural_gas_fired_combined_cycle_1,2009,513.0,.
MISW_natural_gas_fired_combined_cycle_1,2005,1435.2,.
MISW_natural_gas_fired_combined_cycle_1,1994,51.0,.
MISW_natural_gas_fired_combined_cycle_1,2004,1385.6,.
MISW_natural_gas_fired_combined_cycle_1,2003,370.0,.
MISW_natural_gas_fired_combined_cycle_1,1997,538.0,.
MISW_natural_gas_fired_combined_cycle_1,2006,710.1,.
MISW_natural_gas_fired_combined_cycle_1,2019,259.9,.
MISW_natural_gas_fired_combined_cycle_1,2007,108.0,.
MISW_natural_gas_fired_combined_cycle_1,2017,694.8,.
MISW_natural_gas_fired_combustion_turbine_1,2004,149.0,.
MISW_natural_gas_fired_combustion_turbine_1,2018,228.0,.
MISW_natural_gas_fired_combustion_turbine_1,2007,190.0,.
MISW_natural_gas_fired_combustion_turbine_1,2009,200.0,.
MISW_natural_gas_fired_combustion_turbine_1,2003,197.10000000000002,.
MISW_natural_gas_fired_combustion_turbine_1,2014,101.0,.
MISW_natural_gas_fired_combustion_turbine_1,2023,101.0,.
MISW_natural_gas_fired_combustion_turbine_1,2002,178.5,.
MISW_natural_gas_fired_combustion_turbine_1,2001,1543.1,.
MISW_natural_gas_fired_combustion_turbine_1,2005,869.0,.
MISW_natural_gas_fired_combustion_turbine_1,2016,41.0,.
MISW_natural_gas_fired_combustion_turbine_1,2013,4.6,.
MISW_natural_gas_fired_combustion_turbine_1,2008,362.0,.
MISW_natural_gas_fired_combustion_turbine_1,2011,60.2,.
MISW_natural_gas_fired_combustion_turbine_1,2006,3.0,.
MISW_natural_gas_fired_combustion_turbine_1,2017,22.0,.
MISW_natural_gas_internal_combustion_engine_1,2003,2.4,.
MISW_natural_gas_internal_combustion_engine_1,2004,6.0,.
MISW_natural_gas_internal_combustion_engine_1,2021,55.199999999999996,.
MISW_natural_gas_internal_combustion_engine_1,2014,40.5,.
MISW_natural_gas_internal_combustion_engine_1,2013,18.6,.
MISW_natural_gas_internal_combustion_engine_1,2019,209.70000000000002,.
MISW_natural_gas_internal_combustion_engine_1,2001,9.7,.
MISW_natural_gas_internal_combustion_engine_1,2016,18.2,.
MISW_natural_gas_internal_combustion_engine_1,1998,1.0,.
MISW_natural_gas_internal_combustion_engine_1,2010,2.8,.
MISW_natural_gas_internal_combustion_engine_1,2018,85.3,.
MISW_natural_gas_internal_combustion_engine_1,2017,96.6,.
MISW_natural_gas_internal_combustion_engine_1,2000,3.0,.
MISW_natural_gas_internal_combustion_engine_1,2023,131.6,.
MISW_natural_gas_steam_turbine_1,2005,16.1,.
MISW_natural_gas_steam_turbine_1,2022,15.8,.
MISW_natural_gas_steam_turbine_1,2002,7.0,.
MISW_natural_gas_steam_turbine_1,2014,93.1,.
MISW_natural_gas_steam_turbine_1,2019,4.9,.
MISW_natural_gas_steam_turbine_1,2018,10.0,.
MISW_nuclear_1,1971,646.0,.
MISW_nuclear_1,1974,1092.0,.
MISW_nuclear_1,1972,605.0,.
MISW_onshore_wind_turbine_1,2021,945.5,.
MISW_onshore_wind_turbine_1,2022,1348.1,.
MISW_onshore_wind_turbine_1,2025,252.0,.
MISW_onshore_wind_turbine_1,2023,416.0,.
MISW_petroleum_liquids_1,2018,4.2,.
MISW_petroleum_liquids_1,2021,26.8,.
MISW_petroleum_liquids_1,2012,27.5,.
MISW_petroleum_liquids_1,2013,46.099999999999994,.
MISW_petroleum_liquids_1,2022,13.3,.
MISW_petroleum_liquids_1,2011,24.4,.
MISW_petroleum_liquids_1,2016,2.3,.
MISW_petroleum_liquids_1,2023,1.8,.
MISW_petroleum_liquids_1,2015,13.0,.
MISW_petroleum_liquids_1,2014,1.9,.
MISW_petroleum_liquids_1,2019,0.6,.
MISW_solar_photovoltaic_1,2021,477.5,.
MISW_solar_photovoltaic_1,2022,339.3,.
MISW_solar_photovoltaic_1,2023,748.6,.
MISW_solar_photovoltaic_1,2024,148.2,.
NWPP_conventional_hydroelectric_1,1953,911.6,.
NWPP_conventional_hydroelectric_1,1952,556.0,.
NWPP_conventional_hydroelectric_1,1980,808.5,.
NWPP_conventional_hydroelectric_1,1975,1675.0,.
NWPP_conventional_hydroelectric_1,1974,479.8,.
NWPP_conventional_hydroelectric_1,1955,894.8,.
NWPP_conventional_hydroelectric_1,1958,1337.4,.
NWPP_conventional_hydroelectric_1,2021,11.7,.
NWPP_conventional_hydroelectric_1,2022,11.7,.
NWPP_conventional_hydroelectric_1,1954,517.5,.
NWPP_conventional_hydroelectric_1,2013,232.6,.
NWPP_conventional_hydroelectric_1,1959,1096.3,.
NWPP_conventional_hydroelectric_1,1960,981.8,.
NWPP_conventional_hydroelectric_1,1977,476.2,.
NWPP_conventional_hydroelectric_1,1966,278.1,.
NWPP_conventional_hydroelectric_1,1967,1752.5,.
NWPP_conventional_hydroelectric_1,1961,1144.2,.
NWPP_conventional_hydroelectric_1,2023,18.0,.
NWPP_conventional_hydroelectric_1,1957,732.1,.
NWPP_conventional_hydroelectric_1,1964,353.0,.
NWPP_conventional_hydroelectric_1,1963,223.0,.
NWPP_conventional_hydroelectric_1,1982,345.9,.
NWPP_conventional_hydroelectric_1,1981,212.6,.
NWPP_conventional_hydroelectric_1,1968,929.3,.
NWPP_conventional_hydroelectric_1,1969,1157.0,.
NWPP_conventional_hydroelectric_1,1970,760.3,.
NWPP_conventional_hydroelectric_1,1971,540.0,.
NWPP_conventional_hydroelectric_1,1956,625.6,.
NWPP_conventional_hydroelectric_1,1994,90.0,.
NWPP_conventional_hydroelectric_1,1973,947.8,.
NWPP_conventional_hydroelectric_1,2014,122.0,.
NWPP_conventional_hydroelectric_1,2012,244.0,.
NWPP_conventional_hydroelectric_1,2017,122.0,.
NWPP_conventional_hydroelectric_1,2016,122.0,.
NWPP_conventional_hydroelectric_1,2011,122.0,.
NWPP_conventional_hydroelectric_1,2018,122.0,.
NWPP_conventional_hydroelectric_1,2015,122.0,.
NWPP_conventional_hydroelectric_1,1983,41.0,.
NWPP_conventional_hydroelectric_1,1978,2163.0,.
NWPP_conventional_hydroelectric_1,1979,1758.0,.
NWPP_conventional_hydroelectric_1,1962,238.0,.
NWPP_conventional_hydroelectric_1,1976,1677.0,.
NWPP_conventional_hydroelectric_1,1951,482.0,.
NWPP_conventional_hydroelectric_1,1984,209.0,.
NWPP_conventional_hydroelectric_1,1985,324.0,.
NWPP_conventional_hydroelectric_1,1986,232.2,.
NWPP_conventional_hydroelectric_1,1990,36.0,.
NWPP_conventional_hydroelectric_1,1989,2.1,.
NWPP_conventional_steam_coal_1,1986,740.0,.
NWPP_conventional_steam_coal_1,1990,40.5,.
NWPP_conventional_steam_coal_1,2006,107.0,.
NWPP_conventional_steam_coal_1,2011,1.5,.
NWPP_hydroelectric_pumped_storage_1,1983,160.5,2487.75
NWPP_hydroelectric_pumped_storage_1,1984,53.5,829.25
NWPP_hydroelectric_pumped_storage_1,1973,100.0,1550.0
NWPP_natural_gas_fired_combined_cycle_1,1995,270.9,.
NWPP_natural_gas_fired_combined_cycle_1,1997,248.0,.
NWPP_natural_gas_fired_combined_cycle_1,1993,319.8,.
NWPP_natural_gas_fired_combined_cycle_1,2003,831.0,.
NWPP_natural_gas_fired_combined_cycle_1,2008,1028.0,.
NWPP_natural_gas_fired_combined_cycle_1,1994,286.0,.
NWPP_natural_gas_fired_combined_cycle_1,1996,486.0,.
NWPP_natural_gas_fired_combined_cycle_1,2012,10.5,.
NWPP_natural_gas_fired_combined_cycle_1,2001,840.0,.
NWPP_natural_gas_fired_combined_cycle_1,2002,913.0,.
NWPP_natural_gas_fired_combined_cycle_1,2004,304.6,.
NWPP_natural_gas_fired_combined_cycle_1,2007,406.4,.
NWPP_natural_gas_fired_combined_cycle_1,2010,6.5,.
NWPP_natural_gas_fired_combined_cycle_1,2016,470.5,.
NWPP_natural_gas_fired_combustion_turbine_1,2002,123.2,.
NWPP_natural_gas_fired_combustion_turbine_1,2001,144.0,.
NWPP_natural_gas_fired_combustion_turbine_1,2011,144.3,.
NWPP_natural_gas_internal_combustion_engine_1,2002,24.599999999999998,.
NWPP_natural_gas_internal_combustion_engine_1,2006,54.0,.
NWPP_natural_gas_internal_combustion_engine_1,2005,2.0,.
NWPP_natural_gas_internal_combustion_engine_1,2014,205.7,.
NWPP_natural_gas_internal_combustion_engine_1,2015,18.7,.
NWPP_onshore_wind_turbine_1,2024,300.0,.
NWPP_onshore_wind_turbine_1,2021,239.8,.
NWPP_onshore_wind_turbine_1,2022,209.3,.
NWPP_solar_photovoltaic_1,2022,230.1,.
NWPP_solar_photovoltaic_1,2021,152.60000000000002,.
NWPP_solar_photovoltaic_1,2023,524.8,.
NWPP_solar_photovoltaic_1,2024,100.0,.
NYCW_natural_gas_fired_combined_cycle_1,2003,246.89999999999998,.
NYCW_natural_gas_fired_combined_cycle_1,1994,261.9,.
NYCW_natural_gas_fired_combined_cycle_1,1992,815.6,.
NYCW_natural_gas_fired_combined_cycle_1,2002,163.9,.
NYCW_natural_gas_fired_combined_cycle_1,2005,742.0999999999999,.
NYCW_natural_gas_fired_combined_cycle_1,1995,25.6,.
NYCW_natural_gas_fired_combined_cycle_1,2010,11.0,.
NYCW_natural_gas_fired_combined_cycle_1,1996,296.0,.
NYCW_natural_gas_fired_combined_cycle_1,2006,644.0,.
NYCW_natural_gas_fired_combined_cycle_1,2009,365.2,.
NYCW_natural_gas_fired_combined_cycle_1,2011,612.0,.
NYCW_natural_gas_fired_combustion_turbine_1,2005,392.4,.
NYCW_natural_gas_fired_combustion_turbine_1,2002,397.7,.
NYCW_natural_gas_fired_combustion_turbine_1,2004,109.0,.
NYCW_natural_gas_fired_combustion_turbine_1,2001,458.5,.
NYCW_natural_gas_fired_combustion_turbine_1,2011,25.2,.
NYCW_natural_gas_fired_combustion_turbine_1,2012,497.3,.
NYCW_natural_gas_fired_combustion_turbine_1,2018,129.9,.
NYCW_natural_gas_fired_combustion_turbine_1,2010,4.6,.
NYCW_natural_gas_fired_combustion_turbine_1,2009,7.7,.
NYCW_natural_gas_fired_combustion_turbine_1,2016,7.5,.
NYCW_natural_gas_internal_combustion_engine_1,2008,0.5,.
NYCW_natural_gas_internal_combustion_engine_1,1991,2.1,.
NYCW_natural_gas_internal_combustion_engine_1,1995,1.5,.
NYCW_natural_gas_internal_combustion_engine_1,1994,5.2,.
NYCW_natural_gas_internal_combustion_engine_1,2023,2.6,.
NYCW_natural_gas_internal_combustion_engine_1,2010,6.0,.
NYCW_natural_gas_internal_combustion_engine_1,2007,14.600000000000001,.
NYCW_natural_gas_internal_combustion_engine_1,2004,2.6,.
NYCW_natural_gas_internal_combustion_engine_1,2013,1.8,.
NYCW_natural_gas_internal_combustion_engine_1,2002,0.2,.
NYCW_petroleum_liquids_1,2011,12.2,.
NYCW_petroleum_liquids_1,2023,2.5,.
NYCW_petroleum_liquids_1,2016,10.4,.
NYCW_petroleum_liquids_1,2017,4.5,.
NYCW_petroleum_liquids_1,2014,1.4,.
NYCW_petroleum_liquids_1,2019,1.3,.
NYCW_petroleum_liquids_1,2012,7.7,.
NYCW_petroleum_liquids_1,2015,1.1,.
NYCW_petroleum_liquids_1,2018,8.8,.
NYCW_solar_photovoltaic_1,2021,3.0,.
NYCW_solar_photovoltaic_1,2022,26.7,.
NYUP_conventional_hydroelectric_1,2009,8.0,.
NYUP_conventional_hydroelectric_1,1952,37.5,.
NYUP_conventional_hydroelectric_1,2013,2.5,.
NYUP_conventional_hydroelectric_1,1960,8.5,.
NYUP_conventional_hydroelectric_1,1961,1685.7,.
NYUP_conventional_hydroelectric_1,1962,749.2,.
NYUP_conventional_hydroelectric_1,1959,404.8,.
NYUP_conventional_hydroelectric_1,1958,506.0,.
NYUP_conventional_hydroelectric_1,1987,0.3,.
NYUP_conventional_hydroelectric_1,1984,0.8999999999999999,.
NYUP_conventional_hydroelectric_1,1982,0.8,.
NYUP_conventional_hydroelectric_1,1999,32.6,.
NYUP_conventional_hydroelectric_1,1986,55.0,.
NYUP_conventional_hydroelectric_1,1985,4.6,.
NYUP_conventional_hydroelectric_1,1995,44.0,.
NYUP_conventional_hydroelectric_1,1994,1.0,.
NYUP_hydroelectric_pumped_storage_1,1973,1165.1,18059.050000000003
NYUP_hydroelectric_pumped_storage_1,1961,60.0,930.0
NYUP_hydroelectric_pumped_storage_1,1962,180.0,2790.0
NYUP_natural_gas_fired_combined_cycle_1,2005,924.7,.
NYUP_natural_gas_fired_combined_cycle_1,1994,2088.0,.
NYUP_natural_gas_fired_combined_cycle_1,1992,561.7,.
NYUP_natural_gas_fired_combined_cycle_1,1997,1.4,.
NYUP_natural_gas_fired_combined_cycle_1,1990,2.2,.
NYUP_natural_gas_fired_combined_cycle_1,1991,209.5,.
NYUP_natural_gas_fired_combined_cycle_1,1998,1.5,.
NYUP_natural_gas_fired_combined_cycle_1,1995,226.7,.
NYUP_natural_gas_fired_combined_cycle_1,2009,29.0,.
NYUP_natural_gas_fired_combined_cycle_1,1993,167.9,.
NYUP_natural_gas_fired_combined_cycle_1,2004,921.5,.
NYUP_natural_gas_fired_combined_cycle_1,2003,265.7,.
NYUP_natural_gas_fired_combined_cycle_1,2010,675.7,.
NYUP_natural_gas_fired_combined_cycle_1,2018,741.1,.
NYUP_natural_gas_fired_combustion_turbine_1,2001,47.0,.
NYUP_natural_gas_fired_combustion_turbine_1,2015,0.5,.
NYUP_natural_gas_internal_combustion_engine_1,1996,1.5999999999999999,.
NYUP_natural_gas_internal_combustion_engine_1,2000,0.7,.
NYUP_natural_gas_internal_combustion_engine_1,2004,10.2,.
NYUP_natural_gas_internal_combustion_engine_1,2005,1.4,.
NYUP_natural_gas_internal_combustion_engine_1,2012,0.2,.
NYUP_natural_gas_internal_combustion_engine_1,2010,0.8,.
NYUP_natural_gas_internal_combustion_engine_1,2009,3.6,.
NYUP_natural_gas_steam_turbine_1,2005,24.2,.
NYUP_nuclear_1,1987,1301.1,.
NYUP_nuclear_1,1976,854.5,.
NYUP_onshore_wind_turbine_1,2021,203.7,.
NYUP_onshore_wind_turbine_1,2023,556.5,.
NYUP_onshore_wind_turbine_1,2024,12.0,.
NYUP_onshore_wind_turbine_1,2026,290.7,.
NYUP_onshore_wind_turbine_1,2025,340.0,.
NYUP_petroleum_liquids_1,2017,6.5,.
NYUP_petroleum_liquids_1,2012,2.6999999999999997,.
NYUP_petroleum_liquids_1,2014,0.2,.
NYUP_petroleum_liquids_1,2019,1.5,.
NYUP_petroleum_liquids_1,2013,1.6,.
NYUP_petroleum_liquids_1,2018,0.1,.
NYUP_petroleum_liquids_1,2016,5.5,.
NYUP_petroleum_liquids_1,2015,11.2,.
NYUP_petroleum_liquids_1,2021,1.0,.
NYUP_solar_photovoltaic_1,2021,286.0,.
NYUP_solar_photovoltaic_1,2022,195.3,.
NYUP_solar_photovoltaic_1,2023,276.5,.
NYUP_solar_photovoltaic_1,2024,40.0,.
NYUP_solar_photovoltaic_1,2025,180.0,.
PJMC_conventional_hydroelectric_1,2024,10.4,.
PJMC_natural_gas_fired_combined_cycle_1,2002,1260.0,.
PJMC_natural_gas_fired_combined_cycle_1,2015,612.0,.
PJMC_natural_gas_fired_combined_cycle_1,2001,601.2,.
PJMC_natural_gas_fired_combined_cycle_1,1998,133.0,.
PJMC_natural_gas_fired_combined_cycle_1,2000,62.0,.
PJMC_natural_gas_fired_combined_cycle_1,2022,1116.0,.
PJMC_natural_gas_fired_combined_cycle_1,2023,1250.0,.
PJMC_natural_gas_fired_combustion_turbine_1,2002,2858.8,.
PJMC_natural_gas_fired_combustion_turbine_1,2001,2935.2,.
PJMC_natural_gas_fired_combustion_turbine_1,2003,189.5,.
PJMC_natural_gas_fired_combustion_turbine_1,2005,17.7,.
PJMC_natural_gas_fired_combustion_turbine_1,2023,314.0,.
PJMC_natural_gas_fired_combustion_turbine_1,2016,7.1,.
PJMC_natural_gas_internal_combustion_engine_1,1993,14.2,.
PJMC_natural_gas_internal_combustion_engine_1,2000,9.0,.
PJMC_natural_gas_internal_combustion_engine_1,2002,16.5,.
PJMC_natural_gas_internal_combustion_engine_1,1992,18.9,.
PJMC_natural_gas_internal_combustion_engine_1,1995,4.0,.
PJMC_natural_gas_internal_combustion_engine_1,1996,9.4,.
PJMC_natural_gas_internal_combustion_engine_1,2005,29.0,.
PJMC_natural_gas_internal_combustion_engine_1,1998,1.6,.
PJMC_natural_gas_internal_combustion_engine_1,2015,0.3,.
PJMC_natural_gas_internal_combustion_engine_1,2003,1.7,.
PJMC_nuclear_1,1972,1819.0,.
PJMC_nuclear_1,1988,2384.0,.
PJMC_nuclear_1,1984,2313.0,.
PJMC_onshore_wind_turbine_1,2021,93.0,.
PJMC_onshore_wind_turbine_1,2023,259.8,.
PJMC_petroleum_liquids_1,2011,23.3,.
PJMC_petroleum_liquids_1,2014,5.4,.
PJMC_petroleum_liquids_1,2016,5.4,.
PJMC_solar_photovoltaic_1,2022,20.8,.
PJMC_solar_photovoltaic_1,2021,67.9,.
PJMC_solar_photovoltaic_1,2023,128.0,.
PJMD_conventional_hydroelectric_1,1963,220.0,.
PJMD_conventional_hydroelectric_1,1955,95.0,.
PJMD_conventional_hydroelectric_1,1952,60.599999999999994,.
PJMD_conventional_hydroelectric_1,1953,234.0,.
PJMD_conventional_hydroelectric_1,2008,2.0,.
PJMD_conventional_hydroelectric_1,1983,1.5,.
PJMD_conventional_steam_coal_1,1995,443.0,.
PJMD_conventional_steam_coal_1,1996,438.0,.
PJMD_conventional_steam_coal_1,2013,82.4,.
PJMD_conventional_steam_coal_1,1980,32.5,.
PJMD_conventional_steam_coal_1,1989,32.5,.
PJMD_conventional_steam_coal_1,1951,10.5,.
PJMD_hydroelectric_pumped_storage_1,1985,3003.0,46546.5
PJMD_natural_gas_fired_combined_cycle_1,1992,612.0,.
PJMD_natural_gas_fired_combined_cycle_1,2003,615.0,.
PJMD_natural_gas_fired_combined_cycle_1,1991,376.0,.
PJMD_natural_gas_fired_combined_cycle_1,1994,268.0,.
PJMD_natural_gas_fired_combined_cycle_1,2004,1015.2,.
PJMD_natural_gas_fired_combined_cycle_1,2011,654.0,.
PJMD_natural_gas_fired_combined_cycle_1,2016,1466.2,.
PJMD_natural_gas_fired_combined_cycle_1,2017,770.0,.
PJMD_natural_gas_fired_combined_cycle_1,2018,1710.0,.
PJMD_natural_gas_fired_combustion_turbine_1,2004,576.0,.
PJMD_natural_gas_fired_combustion_turbine_1,2003,555.0,.
PJMD_natural_gas_fired_combustion_turbine_1,2001,554.0,.
PJMD_natural_gas_fired_combustion_turbine_1,2008,366.0,.
PJMD_natural_gas_fired_combustion_turbine_1,2009,183.0,.
PJMD_natural_gas_fired_combustion_turbine_1,2018,376.0,.
PJMD_natural_gas_internal_combustion_engine_1,2016,0.3,.
PJMD_natural_gas_internal_combustion_engine_1,2023,2.0,.
PJMD_natural_gas_steam_turbine_1,2021,2.4,.
PJMD_nuclear_1,1972,875.0,.
PJMD_nuclear_1,1973,875.0,.
PJMD_nuclear_1,1978,982.0,.
PJMD_nuclear_1,1980,976.0,.
PJMD_solar_photovoltaic_1,2022,620.6,.
PJMD_solar_photovoltaic_1,2021,778.3,.
PJMD_solar_photovoltaic_1,2023,531.4,.
PJMD_solar_photovoltaic_1,2024,110.0,.
PJME_conventional_hydroelectric_1,1964,260.0,.
PJME_conventional_hydroelectric_1,2011,2.4,.
PJME_conventional_hydroelectric_1,2013,129.2,.
PJME_conventional_hydroelectric_1,1985,112.5,.
PJME_conventional_hydroelectric_1,1986,75.0,.
PJME_conventional_steam_coal_1,1991,638.0,.
PJME_conventional_steam_coal_1,2004,521.0,.
PJME_conventional_steam_coal_1,1988,80.0,.
PJME_conventional_steam_coal_1,1990,176.0,.
PJME_conventional_steam_coal_1,1994,31.2,.
PJME_conventional_steam_coal_1,1989,36.1,.
PJME_conventional_steam_coal_1,1962,8.7,.
PJME_conventional_steam_coal_1,1948,9.0,.
PJME_conventional_steam_coal_1,1987,30.0,.
PJME_conventional_steam_coal_1,1992,83.0,.
PJME_conventional_steam_coal_1,1995,112.0,.
PJME_conventional_steam_coal_1,1993,86.0,.
PJME_hydroelectric_pumped_storage_1,1967,802.0,12431.0
PJME_hydroelectric_pumped_storage_1,1968,268.0,4154.0
PJME_hydroelectric_pumped_storage_1,1965,420.0,6510.0
PJME_hydroelectric_pumped_storage_1,1970,482.0,7471.0
PJME_natural_gas_fired_combined_cycle_1,2002,3159.8,.
PJME_natural_gas_fired_combined_cycle_1,1959,234.8,.
PJME_natural_gas_fired_combined_cycle_1,1995,450.0,.
PJME_natural_gas_fired_combined_cycle_1,2006,1300.0,.
PJME_natural_gas_fired_combined_cycle_1,2018,7374.1,.
PJME_natural_gas_fired_combined_cycle_1,2011,643.8,.
PJME_natural_gas_fired_combined_cycle_1,1993,359.9,.
PJME_natural_gas_fired_combined_cycle_1,1991,634.4,.
PJME_natural_gas_fired_combined_cycle_1,1989,252.0,.
PJME_natural_gas_fired_combined_cycle_1,2001,1208.7,.
PJME_natural_gas_fired_combined_cycle_1,1985,15.0,.
PJME_natural_gas_fired_combined_cycle_1,2016,1727.0,.
PJME_natural_gas_fired_combined_cycle_1,1990,180.0,.
PJME_natural_gas_fired_combined_cycle_1,1998,5.5,.
PJME_natural_gas_fired_combined_cycle_1,1994,251.0,.
PJME_natural_gas_fired_combined_cycle_1,1996,288.8,.
PJME_natural_gas_fired_combined_cycle_1,2004,2855.0,.
PJME_natural_gas_fired_combined_cycle_1,2019,2438.1,.
PJME_natural_gas_fired_combined_cycle_1,2003,1617.0,.
PJME_natural_gas_fired_combined_cycle_1,2017,781.1,.
PJME_natural_gas_fired_combined_cycle_1,2014,797.7,.
PJME_natural_gas_fired_combined_cycle_1,2015,1847.0,.
PJME_natural_gas_fired_combustion_turbine_1,2015,182.5,.
PJME_natural_gas_fired_combustion_turbine_1,2012,405.7,.
PJME_natural_gas_fired_combustion_turbine_1,2001,582.5,.
PJME_natural_gas_fired_combustion_turbine_1,2009,106.6,.
PJME_natural_gas_fired_combustion_turbine_1,2003,1155.3,.
PJME_natural_gas_fired_combustion_turbine_1,2002,144.2,.
PJME_natural_gas_fired_combustion_turbine_1,2004,20.6,.
PJME_natural_gas_fired_combustion_turbine_1,2013,69.8,.
PJME_natural_gas_fired_combustion_turbine_1,2018,35.9,.
PJME_natural_gas_fired_combustion_turbine_1,2008,4.6,.
PJME_natural_gas_fired_combustion_turbine_1,2010,12.399999999999999,.
PJME_natural_gas_fired_combustion_turbine_1,2021,5.5,.
PJME_natural_gas_fired_combustion_turbine_1,2016,11.7,.
PJME_natural_gas_fired_combustion_turbine_1,2014,1.0,.
PJME_natural_gas_fired_combustion_turbine_1,2022,1.1,.
PJME_natural_gas_internal_combustion_engine_1,2016,23.6,.
PJME_natural_gas_internal_combustion_engine_1,2017,48.1,.
PJME_natural_gas_internal_combustion_engine_1,2022,2.0,.
PJME_natural_gas_internal_combustion_engine_1,2023,6.5,.
PJME_natural_gas_internal_combustion_engine_1,2024,2.0,.
PJME_natural_gas_internal_combustion_engine_1,1995,1.7,.
PJME_natural_gas_internal_combustion_engine_1,1994,0.7,.
PJME_natural_gas_internal_combustion_engine_1,1999,1.0,.
PJME_natural_gas_internal_combustion_engine_1,2004,11.9,.
PJME_natural_gas_internal_combustion_engine_1,2007,1.6,.
PJME_natural_gas_internal_combustion_engine_1,1996,5.6,.
PJME_natural_gas_internal_combustion_engine_1,2003,11.6,.
PJME_natural_gas_internal_combustion_engine_1,2019,46.2,.
PJME_natural_gas_internal_combustion_engine_1,2015,25.0,.
PJME_natural_gas_internal_combustion_engine_1,1993,16.0,.
PJME_natural_gas_internal_combustion_engine_1,2009,3.0,.
PJME_natural_gas_internal_combustion_engine_1,2013,3.8,.
PJME_natural_gas_internal_combustion_engine_1,2018,7.4,.
PJME_natural_gas_internal_combustion_engine_1,2011,1.1,.
PJME_natural_gas_steam_turbine_1,2004,10.8,.
PJME_natural_gas_steam_turbine_1,2017,5.1,.
PJME_natural_gas_steam_turbine_1,2001,10.0,.
PJME_natural_gas_steam_turbine_1,2003,5.1,.
PJME_nuclear_1,1977,2023.8,.
PJME_nuclear_1,1981,1138.9,.
PJME_nuclear_1,1974,2658.0,.
PJME_nuclear_1,1975,890.0,.
PJME_nuclear_1,1983,1247.0,.
PJME_nuclear_1,1985,1247.0,.
PJME_nuclear_1,1986,2363.0,.
PJME_nuclear_1,1990,1195.0,.
PJME_petroleum_liquids_1,2021,3.0,.
PJME_petroleum_liquids_1,2018,7.8,.
PJME_petroleum_liquids_1,2012,14.0,.
PJME_petroleum_liquids_1,2014,4.6,.
PJME_petroleum_liquids_1,2011,3.9,.
PJME_solar_photovoltaic_1,2021,105.8,.
PJME_solar_photovoltaic_1,2022,178.9,.
PJME_solar_photovoltaic_1,2023,357.9,.
PJME_solar_photovoltaic_1,2024,50.0,.
PJMW_conventional_hydroelectric_1,1996,0.2,.
PJMW_conventional_hydroelectric_1,1964,50.0,.
PJMW_conventional_hydroelectric_1,1965,174.0,.
PJMW_conventional_hydroelectric_1,1966,174.0,.
PJMW_conventional_hydroelectric_1,2021,0.6,.
PJMW_conventional_hydroelectric_1,1953,15.6,.
PJMW_conventional_hydroelectric_1,1982,70.6,.
PJMW_conventional_hydroelectric_1,1988,5.2,.
PJMW_conventional_hydroelectric_1,1999,42.0,.
PJMW_conventional_hydroelectric_1,2001,50.0,.
PJMW_conventional_hydroelectric_1,2016,44.0,.
PJMW_conventional_steam_coal_1,1949,7.0,.
PJMW_conventional_steam_coal_1,1990,17.5,.
PJMW_conventional_steam_coal_1,1965,15.5,.
PJMW_conventional_steam_coal_1,1953,7.0,.
PJMW_conventional_steam_coal_1,2005,268.0,.
PJMW_conventional_steam_coal_1,2009,268.0,.
PJMW_conventional_steam_coal_1,1992,80.0,.
PJMW_conventional_steam_coal_1,1999,180.0,.
PJMW_conventional_steam_coal_1,1991,50.0,.
PJMW_conventional_steam_coal_1,2011,710.0,.
PJMW_conventional_steam_coal_1,2012,624.0,.
PJMW_hydroelectric_pumped_storage_1,1965,66.0,1023.0
PJMW_hydroelectric_pumped_storage_1,1980,106.0,1643.0
PJMW_hydroelectric_pumped_storage_1,1966,66.0,1023.0
PJMW_natural_gas_fired_combined_cycle_1,2012,1310.1,.
PJMW_natural_gas_fired_combined_cycle_1,2002,686.0,.
PJMW_natural_gas_fired_combined_cycle_1,2022,1104.0,.
PJMW_natural_gas_fired_combined_cycle_1,2004,2622.5,.
PJMW_natural_gas_fired_combined_cycle_1,2003,3641.9,.
PJMW_natural_gas_fired_combined_cycle_1,2014,1472.2,.
PJMW_natural_gas_fired_combined_cycle_1,2001,28.6,.
PJMW_natural_gas_fired_combined_cycle_1,2018,2187.3,.
PJMW_natural_gas_fired_combined_cycle_1,2021,2611.0,.
PJMW_natural_gas_fired_combined_cycle_1,2017,1723.8000000000002,.
PJMW_natural_gas_fired_combined_cycle_1,2023,1875.0,.
PJMW_natural_gas_fired_combustion_turbine_1,2010,200.0,.
PJMW_natural_gas_fired_combustion_turbine_1,2001,3155.6,.
PJMW_natural_gas_fired_combustion_turbine_1,2005,177.1,.
PJMW_natural_gas_fired_combustion_turbine_1,2002,4065.9,.
PJMW_natural_gas_fired_combustion_turbine_1,2004,97.7,.
PJMW_natural_gas_fired_combustion_turbine_1,2019,9.4,.
PJMW_natural_gas_fired_combustion_turbine_1,2003,999.5,.
PJMW_natural_gas_fired_combustion_turbine_1,2021,6.1,.
PJMW_natural_gas_fired_combustion_turbine_1,2011,8.9,.
PJMW_natural_gas_fired_combustion_turbine_1,2015,15.0,.
PJMW_natural_gas_internal_combustion_engine_1,2001,9.1,.
PJMW_natural_gas_internal_combustion_engine_1,1996,2.1,.
PJMW_natural_gas_internal_combustion_engine_1,2003,29.0,.
PJMW_natural_gas_internal_combustion_engine_1,2007,10.0,.
PJMW_natural_gas_internal_combustion_engine_1,2021,22.0,.
PJMW_natural_gas_steam_turbine_1,2015,2.5,.
PJMW_natural_gas_steam_turbine_1,2010,1.2,.
PJMW_natural_gas_steam_turbine_1,2017,24.3,.
PJMW_natural_gas_steam_turbine_1,2021,2.1,.
PJMW_natural_gas_steam_turbine_1,2008,3.6,.
PJMW_nuclear_1,1975,1084.0,.
PJMW_nuclear_1,1978,1194.0,.
PJMW_nuclear_1,1987,2201.0,.
PJMW_nuclear_1,1976,939.0,.
PJMW_nuclear_1,1977,908.0,.
PJMW_onshore_wind_turbine_1,2021,449.8,.
PJMW_onshore_wind_turbine_1,2022,115.0,.
PJMW_onshore_wind_turbine_1,2023,92.1,.
PJMW_petroleum_liquids_1,2022,2.5,.
PJMW_petroleum_liquids_1,2016,7.8,.
PJMW_petroleum_liquids_1,2017,1.5,.
PJMW_petroleum_liquids_1,2018,9.0,.
PJMW_petroleum_liquids_1,2019,1.8,.
PJMW_solar_photovoltaic_1,2021,735.5,.
PJMW_solar_photovoltaic_1,2022,64.6,.
PJMW_solar_photovoltaic_1,2023,1391.5,.
PJMW_solar_photovoltaic_1,2024,973.0,.
RMRG_conventional_hydroelectric_1,1967,86.4,.
RMRG_conventional_hydroelectric_1,1970,86.6,.
RMRG_conventional_hydroelectric_1,1971,86.6,.
RMRG_conventional_hydroelectric_1,1954,124.2,.
RMRG_conventional_hydroelectric_1,1961,33.4,.
RMRG_conventional_hydroelectric_1,1960,33.4,.
RMRG_conventional_hydroelectric_1,1958,17.5,.
RMRG_conventional_hydroelectric_1,1959,19.0,.
RMRG_conventional_hydroelectric_1,1951,12.2,.
RMRG_conventional_hydroelectric_1,1978,35.0,.
RMRG_conventional_hydroelectric_1,1955,41.4,.
RMRG_conventional_hydroelectric_1,2007,3.8,.
RMRG_conventional_steam_coal_1,2010,869.0,.
RMRG_conventional_steam_coal_1,1995,80.0,.
RMRG_conventional_steam_coal_1,2003,86.0,.
RMRG_conventional_steam_coal_1,2008,91.0,.
RMRG_conventional_steam_coal_1,2011,405.0,.
RMRG_hydroelectric_pumped_storage_1,1967,342.3,5305.65
RMRG_hydroelectric_pumped_storage_1,1954,8.5,131.75
RMRG_hydroelectric_pumped_storage_1,1981,115.0,1782.5
RMRG_hydroelectric_pumped_storage_1,1984,115.0,1782.5
RMRG_natural_gas_fired_combined_cycle_1,2015,600.0,.
RMRG_natural_gas_fired_combined_cycle_1,2001,139.0,.
RMRG_natural_gas_fired_combined_cycle_1,1999,199.0,.
RMRG_natural_gas_fired_combined_cycle_1,1996,134.0,.
RMRG_natural_gas_fired_combined_cycle_1,1998,304.0,.
RMRG_natural_gas_fired_combined_cycle_1,1994,474.9,.
RMRG_natural_gas_fired_combined_cycle_1,2002,138.6,.
RMRG_natural_gas_fired_combined_cycle_1,1992,33.0,.
RMRG_natural_gas_fired_combined_cycle_1,2000,78.0,.
RMRG_natural_gas_fired_combined_cycle_1,2003,480.0,.
RMRG_natural_gas_fired_combined_cycle_1,2004,615.0,.
RMRG_natural_gas_fired_combined_cycle_1,2012,188.0,.
RMRG_natural_gas_fired_combined_cycle_1,2014,94.0,.
RMRG_natural_gas_fired_combustion_turbine_1,2023,163.8,.
RMRG_natural_gas_fired_combustion_turbine_1,2009,318.0,.
RMRG_natural_gas_fired_combustion_turbine_1,2002,581.0,.
RMRG_natural_gas_fired_combustion_turbine_1,2004,65.0,.
RMRG_natural_gas_fired_combustion_turbine_1,2008,128.0,.
RMRG_natural_gas_fired_combustion_turbine_1,2001,329.9,.
RMRG_natural_gas_fired_combustion_turbine_1,2003,292.0,.
RMRG_natural_gas_fired_combustion_turbine_1,2005,110.6,.
RMRG_natural_gas_fired_combustion_turbine_1,2007,310.0,.
RMRG_natural_gas_fired_combustion_turbine_1,2016,40.0,.
RMRG_natural_gas_fired_combustion_turbine_1,2012,180.0,.
RMRG_natural_gas_fired_combustion_turbine_1,2014,37.0,.
RMRG_natural_gas_internal_combustion_engine_1,2002,114.0,.
RMRG_natural_gas_internal_combustion_engine_1,2008,116.20000000000002,.
RMRG_natural_gas_internal_combustion_engine_1,2015,7.0,.
RMRG_natural_gas_internal_combustion_engine_1,2022,4.0,.
RMRG_onshore_wind_turbine_1,2025,1500.0,.
RMRG_onshore_wind_turbine_1,2026,1500.0,.
RMRG_onshore_wind_turbine_1,2021,812.2,.
RMRG_onshore_wind_turbine_1,2022,145.0,.
RMRG_solar_photovoltaic_1,2021,378.9,.
RMRG_solar_photovoltaic_1,2023,741.5,.
RMRG_solar_photovoltaic_1,2022,235.0,.
SPPC_conventional_steam_coal_1,2010,877.0,.
SPPC_conventional_steam_coal_1,2011,275.0,.
SPPC_natural_gas_fired_combined_cycle_1,2016,117.0,.
SPPC_natural_gas_fired_combined_cycle_1,2007,180.0,.
SPPC_natural_gas_fired_combined_cycle_1,2000,142.8,.
SPPC_natural_gas_fired_combined_cycle_1,1997,328.0,.
SPPC_natural_gas_fired_combined_cycle_1,2001,729.4,.
SPPC_natural_gas_fired_combined_cycle_1,2002,284.8,.
SPPC_natural_gas_fired_combustion_turbine_1,2001,488.4,.
SPPC_natural_gas_fired_combustion_turbine_1,2002,167.8,.
SPPC_natural_gas_fired_combustion_turbine_1,2006,76.0,.
SPPC_natural_gas_fired_combustion_turbine_1,2003,623.0,.
SPPC_natural_gas_fired_combustion_turbine_1,2005,351.0,.
SPPC_natural_gas_fired_combustion_turbine_1,2008,349.0,.
SPPC_natural_gas_fired_combustion_turbine_1,2009,342.8,.
SPPC_natural_gas_internal_combustion_engine_1,1996,10.9,.
SPPC_natural_gas_internal_combustion_engine_1,2005,12.899999999999999,.
SPPC_natural_gas_internal_combustion_engine_1,1997,6.699999999999999,.
SPPC_natural_gas_internal_combustion_engine_1,1995,0.9,.
SPPC_natural_gas_internal_combustion_engine_1,1999,1.3,.
SPPC_natural_gas_internal_combustion_engine_1,2001,10.3,.
SPPC_natural_gas_internal_combustion_engine_1,1998,13.5,.
SPPC_natural_gas_internal_combustion_engine_1,2000,5.0,.
SPPC_natural_gas_internal_combustion_engine_1,1993,6.3,.
SPPC_natural_gas_internal_combustion_engine_1,2011,1.9,.
SPPC_natural_gas_internal_combustion_engine_1,1992,0.8,.
SPPC_natural_gas_internal_combustion_engine_1,1994,20.9,.
SPPC_natural_gas_internal_combustion_engine_1,2016,3.2,.
SPPC_natural_gas_internal_combustion_engine_1,2004,13.6,.
SPPC_natural_gas_internal_combustion_engine_1,2014,139.5,.
SPPC_natural_gas_internal_combustion_engine_1,2017,74.8,.
SPPC_natural_gas_steam_turbine_1,2006,0.7,.
SPPC_natural_gas_steam_turbine_1,2008,5.0,.
SPPC_onshore_wind_turbine_1,2021,1367.7,.
SPPC_onshore_wind_turbine_1,2022,197.4,.
SPPC_onshore_wind_turbine_1,2023,200.0,.
SPPC_petroleum_liquids_1,2014,2.8,.
SPPC_petroleum_liquids_1,2016,2.0,.
SPPC_petroleum_liquids_1,2021,1.8,.
SPPC_petroleum_liquids_1,2015,2.5,.
SPPC_petroleum_liquids_1,2017,13.8,.
SPPC_petroleum_liquids_1,2022,2.8,.
SPPC_petroleum_liquids_1,2018,6.0,.
SPPC_petroleum_liquids_1,2019,1.0,.
SPPC_petroleum_liquids_1,2023,3.0,.
SPPC_solar_photovoltaic_1,2021,2.3,.
SPPC_solar_photovoltaic_1,2022,11.3,.
SPPC_solar_photovoltaic_1,2023,10.0,.
SPPN_conventional_hydroelectric_1,1984,41.0,.
SPPN_conventional_hydroelectric_1,1956,419.0,.
SPPN_conventional_hydroelectric_1,1960,204.0,.
SPPN_conventional_hydroelectric_1,1962,408.0,.
SPPN_conventional_hydroelectric_1,1963,306.0,.
SPPN_conventional_hydroelectric_1,1954,180.0,.
SPPN_conventional_hydroelectric_1,1955,135.0,.
SPPN_conventional_hydroelectric_1,1964,130.0,.
SPPN_conventional_hydroelectric_1,1965,260.0,.
SPPN_conventional_hydroelectric_1,1966,130.0,.
SPPN_conventional_hydroelectric_1,1951,50.0,.
SPPN_conventional_hydroelectric_1,1961,98.0,.
SPPN_conventional_hydroelectric_1,1957,34.0,.
SPPN_conventional_steam_coal_1,2011,232.0,.
SPPN_conventional_steam_coal_1,2009,691.0,.
SPPN_conventional_steam_coal_1,1986,450.0,.
SPPN_conventional_steam_coal_1,1988,7.9,.
SPPN_conventional_steam_coal_1,2010,61.0,.
SPPN_conventional_steam_coal_1,1987,5.0,.
SPPN_natural_gas_fired_combined_cycle_1,2004,76.6,.
SPPN_natural_gas_fired_combined_cycle_1,2003,48.0,.
SPPN_natural_gas_fired_combined_cycle_1,2005,220.0,.
SPPN_natural_gas_fired_combined_cycle_1,2012,300.0,.
SPPN_natural_gas_fired_combustion_turbine_1,2003,409.8,.
SPPN_natural_gas_fired_combustion_turbine_1,2013,150.0,.
SPPN_natural_gas_fired_combustion_turbine_1,2001,96.0,.
SPPN_natural_gas_fired_combustion_turbine_1,2004,93.4,.
SPPN_natural_gas_fired_combustion_turbine_1,2007,46.7,.
SPPN_natural_gas_fired_combustion_turbine_1,2006,95.0,.
SPPN_natural_gas_fired_combustion_turbine_1,2008,94.0,.
SPPN_natural_gas_fired_combustion_turbine_1,2010,95.0,.
SPPN_natural_gas_fired_combustion_turbine_1,2014,90.0,.
SPPN_natural_gas_fired_combustion_turbine_1,2015,90.0,.
SPPN_natural_gas_fired_combustion_turbine_1,2017,90.0,.
SPPN_natural_gas_fired_combustion_turbine_1,2021,329.5,.
SPPN_natural_gas_fired_combustion_turbine_1,2024,442.2,.
SPPN_natural_gas_internal_combustion_engine_1,1993,3.7,.
SPPN_natural_gas_internal_combustion_engine_1,2018,9.3,.
SPPN_natural_gas_internal_combustion_engine_1,1992,1.2,.
SPPN_natural_gas_internal_combustion_engine_1,2017,106.80000000000001,.
SPPN_natural_gas_internal_combustion_engine_1,2024,151.20000000000002,.
SPPN_natural_gas_internal_combustion_engine_1,2022,55.199999999999996,.
SPPN_natural_gas_steam_turbine_1,2019,3.6,.
SPPN_natural_gas_steam_turbine_1,2021,3.9,.
SPPN_onshore_wind_turbine_1,2021,1134.5,.
SPPN_onshore_wind_turbine_1,2024,73.4,.
SPPN_onshore_wind_turbine_1,2022,603.6,.
SPPN_onshore_wind_turbine_1,2023,604.0,.
SPPN_petroleum_liquids_1,2011,10.0,.
SPPN_solar_photovoltaic_1,2021,12.9,.
SPPN_solar_photovoltaic_1,2023,81.0,.
SPPS_conventional_hydroelectric_1,1965,233.8,.
SPPS_conventional_hydroelectric_1,1972,63.0,.
SPPS_conventional_hydroelectric_1,1964,321.5,.
SPPS_conventional_hydroelectric_1,1952,125.0,.
SPPS_conventional_hydroelectric_1,1953,138.2,.
SPPS_conventional_hydroelectric_1,1962,100.0,.
SPPS_conventional_hydroelectric_1,1963,100.0,.
SPPS_conventional_hydroelectric_1,1966,35.0,.
SPPS_conventional_hydroelectric_1,1959,106.0,.
SPPS_conventional_hydroelectric_1,1961,110.5,.
SPPS_conventional_hydroelectric_1,1968,80.0,.
SPPS_conventional_hydroelectric_1,1971,114.80000000000001,.
SPPS_conventional_hydroelectric_1,1973,144.0,.
SPPS_conventional_hydroelectric_1,1974,23.0,.
SPPS_conventional_hydroelectric_1,1970,115.0,.
SPPS_conventional_steam_coal_1,1990,320.0,.
SPPS_conventional_steam_coal_1,2012,650.0,.
SPPS_hydroelectric_pumped_storage_1,1972,30.0,465.0
SPPS_hydroelectric_pumped_storage_1,1968,129.0,1999.5
SPPS_hydroelectric_pumped_storage_1,1971,129.0,1999.5
SPPS_hydroelectric_pumped_storage_1,1982,124.0,1922.0
SPPS_hydroelectric_pumped_storage_1,1981,31.0,480.5
SPPS_hydroelectric_pumped_storage_1,1979,31.0,480.5
SPPS_natural_gas_fired_combined_cycle_1,2017,503.0,.
SPPS_natural_gas_fired_combined_cycle_1,2002,1493.1,.
SPPS_natural_gas_fired_combined_cycle_1,1963,62.0,.
SPPS_natural_gas_fired_combined_cycle_1,2001,1277.6,.
SPPS_natural_gas_fired_combined_cycle_1,2000,199.0,.
SPPS_natural_gas_fired_combined_cycle_1,1959,18.0,.
SPPS_natural_gas_fired_combined_cycle_1,1957,18.0,.
SPPS_natural_gas_fired_combined_cycle_1,1995,44.1,.
SPPS_natural_gas_fired_combined_cycle_1,1966,18.8,.
SPPS_natural_gas_fired_combined_cycle_1,1999,307.0,.
SPPS_natural_gas_fired_combined_cycle_1,2003,2400.0,.
SPPS_natural_gas_fired_combined_cycle_1,2004,1433.6,.
SPPS_natural_gas_fired_combined_cycle_1,2008,634.0,.
SPPS_natural_gas_fired_combined_cycle_1,2010,534.0,.
SPPS_natural_gas_fired_combustion_turbine_1,2001,374.1,.
SPPS_natural_gas_fired_combustion_turbine_1,2017,401.0,.
SPPS_natural_gas_fired_combustion_turbine_1,2008,335.2,.
SPPS_natural_gas_fired_combustion_turbine_1,2009,135.0,.
SPPS_natural_gas_fired_combustion_turbine_1,2011,183.0,.
SPPS_natural_gas_fired_combustion_turbine_1,2013,368.5,.
SPPS_natural_gas_fired_combustion_turbine_1,2003,43.9,.
SPPS_natural_gas_fired_combustion_turbine_1,2005,117.0,.
SPPS_natural_gas_fired_combustion_turbine_1,2006,161.5,.
SPPS_natural_gas_fired_combustion_turbine_1,2007,507.1,.
SPPS_natural_gas_fired_combustion_turbine_1,2010,40.0,.
SPPS_natural_gas_fired_combustion_turbine_1,2015,324.0,.
SPPS_natural_gas_fired_combustion_turbine_1,2016,409.2,.
SPPS_natural_gas_internal_combustion_engine_1,2001,29.4,.
SPPS_natural_gas_internal_combustion_engine_1,2002,13.2,.
SPPS_natural_gas_internal_combustion_engine_1,2008,73.8,.
SPPS_natural_gas_internal_combustion_engine_1,2016,83.4,.
SPPS_natural_gas_internal_combustion_engine_1,2011,167.4,.
SPPS_natural_gas_internal_combustion_engine_1,2012,49.5,.
SPPS_natural_gas_internal_combustion_engine_1,2006,3.9000000000000004,.
SPPS_onshore_wind_turbine_1,2024,169.2,.
SPPS_onshore_wind_turbine_1,2023,1069.7,.
SPPS_onshore_wind_turbine_1,2021,1688.7,.
SPPS_onshore_wind_turbine_1,2022,2329.6,.
SPPS_petroleum_liquids_1,2019,3.0,.
SPPS_petroleum_liquids_1,2012,2.5,.
SPPS_solar_photovoltaic_1,2021,9.0,.
SPPS_solar_photovoltaic_1,2023,250.0,.
SRCA_conventional_hydroelectric_1,1960,25.0,.
SRCA_conventional_hydroelectric_1,2011,1.5,.
SRCA_conventional_hydroelectric_1,1963,243.0,.
SRCA_conventional_hydroelectric_1,1967,81.0,.
SRCA_conventional_hydroelectric_1,1953,195.0,.
SRCA_conventional_hydroelectric_1,1971,218.0,.
SRCA_conventional_hydroelectric_1,1954,144.0,.
SRCA_conventional_hydroelectric_1,1985,84.4,.
SRCA_conventional_hydroelectric_1,1962,39.0,.
SRCA_conventional_steam_coal_1,1995,590.0,.
SRCA_conventional_steam_coal_1,2007,600.0,.
SRCA_conventional_steam_coal_1,2008,600.0,.
SRCA_conventional_steam_coal_1,2012,849.0,.
SRCA_conventional_steam_coal_1,1991,28.7,.
SRCA_hydroelectric_pumped_storage_1,1973,390.0,6045.0
SRCA_hydroelectric_pumped_storage_1,1975,390.0,6045.0
SRCA_hydroelectric_pumped_storage_1,1978,576.0,8928.0
SRCA_hydroelectric_pumped_storage_1,1991,1440.0,22320.0
SRCA_natural_gas_fired_combined_cycle_1,2019,280.0,.
SRCA_natural_gas_fired_combined_cycle_1,2011,1398.0,.
SRCA_natural_gas_fired_combined_cycle_1,2012,1777.0,.
SRCA_natural_gas_fired_combined_cycle_1,2018,1322.0,.
SRCA_natural_gas_fired_combined_cycle_1,2002,923.0,.
SRCA_natural_gas_fired_combined_cycle_1,1953,65.0,.
SRCA_natural_gas_fired_combined_cycle_1,1954,66.0,.
SRCA_natural_gas_fired_combined_cycle_1,2003,565.0,.
SRCA_natural_gas_fired_combined_cycle_1,2001,530.0,.
SRCA_natural_gas_fired_combined_cycle_1,1998,101.0,.
SRCA_natural_gas_fired_combined_cycle_1,2004,1557.2,.
SRCA_natural_gas_fired_combined_cycle_1,2013,719.0,.
SRCA_natural_gas_fired_combined_cycle_1,2026,513.0,.
SRCA_natural_gas_fired_combustion_turbine_1,2007,768.1,.
SRCA_natural_gas_fired_combustion_turbine_1,2009,216.0,.
SRCA_natural_gas_fired_combustion_turbine_1,2010,51.0,.
SRCA_natural_gas_fired_combustion_turbine_1,2024,560.0,.
SRCA_natural_gas_fired_combustion_turbine_1,2001,1715.7,.
SRCA_natural_gas_fired_combustion_turbine_1,2002,929.0,.
SRCA_natural_gas_fired_combustion_turbine_1,2004,270.0,.
SRCA_natural_gas_fired_combustion_turbine_1,2003,374.0,.
SRCA_natural_gas_fired_combustion_turbine_1,2013,61.1,.
SRCA_natural_gas_fired_combustion_turbine_1,2012,778.3,.
SRCA_natural_gas_fired_combustion_turbine_1,2017,96.0,.
SRCA_natural_gas_fired_combustion_turbine_1,2005,2.0,.
SRCA_natural_gas_fired_combustion_turbine_1,2014,2.0,.
SRCA_natural_gas_fired_combustion_turbine_1,2019,24.6,.
SRCA_nuclear_1,1971,792.9,.
SRCA_nuclear_1,1973,865.0,.
SRCA_nuclear_1,1974,1753.0,.
SRCA_nuclear_1,1977,975.0,.
SRCA_nuclear_1,1975,953.0,.
SRCA_nuclear_1,1987,1009.0,.
SRCA_nuclear_1,1985,1198.7,.
SRCA_nuclear_1,1986,1179.8,.
SRCA_nuclear_1,1981,1199.0,.
SRCA_nuclear_1,1984,2179.2,.
SRCA_petroleum_liquids_1,2013,15.5,.
SRCA_petroleum_liquids_1,2011,9.2,.
SRCA_petroleum_liquids_1,2015,0.4,.
SRCA_petroleum_liquids_1,2012,3.6,.
SRCA_petroleum_liquids_1,2019,3.5,.
SRCA_solar_photovoltaic_1,2021,531.3,.
SRCA_solar_photovoltaic_1,2022,348.1,.
SRCA_solar_photovoltaic_1,2023,580.7,.
SRCA_solar_photovoltaic_1,2026,1037.5,.
SRCE_conventional_hydroelectric_1,1952,281.8,.
SRCE_conventional_hydroelectric_1,1963,76.5,.
SRCE_conventional_hydroelectric_1,1962,148.2,.
SRCE_conventional_hydroelectric_1,1966,148.0,.
SRCE_conventional_hydroelectric_1,1951,302.4,.
SRCE_conventional_hydroelectric_1,1954,150.9,.
SRCE_conventional_hydroelectric_1,1953,191.5,.
SRCE_conventional_hydroelectric_1,1964,79.4,.
SRCE_conventional_hydroelectric_1,1968,108.0,.
SRCE_conventional_hydroelectric_1,1972,36.2,.
SRCE_conventional_hydroelectric_1,1987,0.5,.
SRCE_conventional_hydroelectric_1,1973,68.0,.
SRCE_conventional_hydroelectric_1,1974,38.0,.
SRCE_conventional_hydroelectric_1,1957,166.7,.
SRCE_conventional_hydroelectric_1,1977,61.0,.
SRCE_conventional_hydroelectric_1,1958,41.400000000000006,.
SRCE_conventional_hydroelectric_1,1961,54.9,.
SRCE_conventional_hydroelectric_1,2012,84.0,.
SRCE_conventional_hydroelectric_1,2013,28.0,.
SRCE_conventional_hydroelectric_1,2016,105.0,.
SRCE_conventional_hydroelectric_1,2026,2.8,.
SRCE_conventional_hydroelectric_1,2024,2.8,.
SRCE_conventional_steam_coal_1,1990,511.0,.
SRCE_conventional_steam_coal_1,2011,760.0,.
SRCE_conventional_steam_coal_1,1994,34.6,.
SRCE_conventional_steam_coal_1,2001,440.0,.
SRCE_hydroelectric_pumped_storage_1,1956,67.5,1046.25
SRCE_hydroelectric_pumped_storage_1,1979,1212.2,18789.1
SRCE_hydroelectric_pumped_storage_1,1978,404.1,6263.55
SRCE_natural_gas_fired_combined_cycle_1,2015,683.0,.
SRCE_natural_gas_fired_combined_cycle_1,2017,1160.0,.
SRCE_natural_gas_fired_combined_cycle_1,2018,1114.1,.
SRCE_natural_gas_fired_combined_cycle_1,2012,940.0,.
SRCE_natural_gas_fired_combined_cycle_1,2010,615.0,.
SRCE_natural_gas_fired_combined_cycle_1,2000,883.5,.
SRCE_natural_gas_fired_combined_cycle_1,2003,4458.0,.
SRCE_natural_gas_fired_combined_cycle_1,2002,685.0,.
SRCE_natural_gas_fired_combined_cycle_1,2004,181.0,.
SRCE_natural_gas_fired_combined_cycle_1,2006,765.0,.
SRCE_natural_gas_fired_combustion_turbine_1,2001,1059.4,.
SRCE_natural_gas_fired_combustion_turbine_1,2004,716.0,.
SRCE_natural_gas_fired_combustion_turbine_1,2002,1851.0,.
SRCE_natural_gas_fired_combustion_turbine_1,2017,6.5,.
SRCE_natural_gas_fired_combustion_turbine_1,2015,8.7,.
SRCE_natural_gas_fired_combustion_turbine_1,2010,124.0,.
SRCE_natural_gas_fired_combustion_turbine_1,2016,61.4,.
SRCE_nuclear_1,1974,1286.7,.
SRCE_nuclear_1,1975,1290.3,.
SRCE_nuclear_1,1977,1289.2,.
SRCE_nuclear_1,1981,1177.4,.
SRCE_nuclear_1,1982,1155.1,.
SRCE_nuclear_1,1996,1179.0,.
SRCE_nuclear_1,2016,1164.0,.
SRCE_solar_photovoltaic_1,2021,236.0,.
SRCE_solar_photovoltaic_1,2024,147.0,.
SRCE_solar_photovoltaic_1,2022,220.7,.
SRCE_solar_photovoltaic_1,2023,536.3,.
SRSE_conventional_hydroelectric_1,1963,255.7,.
SRSE_conventional_hydroelectric_1,1967,345.3,.
SRSE_conventional_hydroelectric_1,1966,68.1,.
SRSE_conventional_hydroelectric_1,1968,108.6,.
SRSE_conventional_hydroelectric_1,1964,119.10000000000001,.
SRSE_conventional_hydroelectric_1,1952,54.7,.
SRSE_conventional_hydroelectric_1,1985,513.2,.
SRSE_conventional_hydroelectric_1,1961,136.1,.
SRSE_conventional_hydroelectric_1,1962,436.8,.
SRSE_conventional_hydroelectric_1,1970,90.0,.
SRSE_conventional_hydroelectric_1,1951,22.0,.
SRSE_conventional_hydroelectric_1,1955,5.1,.
SRSE_conventional_hydroelectric_1,1956,5.1,.
SRSE_conventional_hydroelectric_1,2005,25.6,.
SRSE_conventional_hydroelectric_1,1959,58.3,.
SRSE_conventional_hydroelectric_1,1953,43.8,.
SRSE_conventional_hydroelectric_1,1983,203.0,.
SRSE_conventional_hydroelectric_1,2003,60.0,.
SRSE_conventional_hydroelectric_1,2004,60.0,.
SRSE_conventional_hydroelectric_1,1980,114.2,.
SRSE_conventional_hydroelectric_1,1975,449.0,.
SRSE_conventional_hydroelectric_1,1986,84.0,.
SRSE_conventional_steam_coal_1,1989,693.0,.
SRSE_conventional_steam_coal_1,1991,704.0,.
SRSE_conventional_steam_coal_1,1987,860.0,.
SRSE_hydroelectric_pumped_storage_1,1980,159.89999999999998,2478.45
SRSE_hydroelectric_pumped_storage_1,1979,53.3,826.15
SRSE_hydroelectric_pumped_storage_1,1977,320.0,4960.0
SRSE_hydroelectric_pumped_storage_1,2002,328.0,5084.0
SRSE_hydroelectric_pumped_storage_1,1995,1035.0,16042.5
SRSE_natural_gas_fired_combined_cycle_1,2000,1397.2,.
SRSE_natural_gas_fired_combined_cycle_1,2023,1455.7,.
SRSE_natural_gas_fired_combined_cycle_1,1996,116.0,.
SRSE_natural_gas_fired_combined_cycle_1,1959,22.0,.
SRSE_natural_gas_fired_combined_cycle_1,1954,18.0,.
SRSE_natural_gas_fired_combined_cycle_1,2002,5902.7,.
SRSE_natural_gas_fired_combined_cycle_1,2011,913.0,.
SRSE_natural_gas_fired_combined_cycle_1,2012,1798.0,.
SRSE_natural_gas_fired_combined_cycle_1,2001,1377.4,.
SRSE_natural_gas_fired_combined_cycle_1,1999,201.5,.
SRSE_natural_gas_fired_combined_cycle_1,2008,686.2,.
SRSE_natural_gas_fired_combined_cycle_1,2003,3643.6,.
SRSE_natural_gas_fired_combined_cycle_1,2004,544.6,.
SRSE_natural_gas_fired_combined_cycle_1,1994,55.2,.
SRSE_natural_gas_fired_combined_cycle_1,1993,11.700000000000001,.
SRSE_natural_gas_fired_combined_cycle_1,1997,215.0,.
SRSE_natural_gas_fired_combined_cycle_1,1998,115.0,.
SRSE_natural_gas_fired_combined_cycle_1,2010,815.0,.
SRSE_natural_gas_fired_combined_cycle_1,2005,1368.8,.
SRSE_natural_gas_fired_combined_cycle_1,2014,840.0,.
SRSE_natural_gas_fired_combustion_turbine_1,2021,928.2,.
SRSE_natural_gas_fired_combustion_turbine_1,2010,448.0,.
SRSE_natural_gas_fired_combustion_turbine_1,2001,1839.3,.
SRSE_natural_gas_fired_combustion_turbine_1,2002,1630.8,.
SRSE_natural_gas_fired_combustion_turbine_1,2003,1725.2,.
SRSE_natural_gas_fired_combustion_turbine_1,2004,96.6,.
SRSE_natural_gas_fired_combustion_turbine_1,2019,46.0,.
SRSE_natural_gas_fired_combustion_turbine_1,2022,1.0,.
SRSE_natural_gas_internal_combustion_engine_1,2006,10.4,.
SRSE_natural_gas_internal_combustion_engine_1,2012,6.6000000000000005,.
SRSE_nuclear_1,1987,1150.0,.
SRSE_nuclear_1,1989,1152.0,.
SRSE_nuclear_1,2023,2228.0,.
SRSE_nuclear_1,1977,874.0,.
SRSE_nuclear_1,1981,896.0,.
SRSE_nuclear_1,1975,876.0,.
SRSE_nuclear_1,1979,883.0,.
SRSE_petroleum_liquids_1,2015,0.3,.
SRSE_petroleum_liquids_1,2013,4.0,.
SRSE_solar_photovoltaic_1,2021,944.4,.
SRSE_solar_photovoltaic_1,2022,705.3000000000001,.
SRSE_solar_photovoltaic_1,2024,885.4,.
SRSE_solar_photovoltaic_1,2023,1511.2,.
SRSE_solar_photovoltaic_1,2025,74.5,.
SRSG_conventional_hydroelectric_1,1973,36.0,.
SRSG_conventional_hydroelectric_1,1951,254.8,.
SRSG_conventional_hydroelectric_1,1964,495.0,.
SRSG_conventional_hydroelectric_1,1965,495.0,.
SRSG_conventional_hydroelectric_1,1966,322.0,.
SRSG_conventional_hydroelectric_1,1952,328.5,.
SRSG_conventional_steam_coal_1,1990,406.0,.
SRSG_conventional_steam_coal_1,2006,417.0,.
SRSG_conventional_steam_coal_1,2009,415.0,.
SRSG_hydroelectric_pumped_storage_1,1972,119.0,1844.5
SRSG_hydroelectric_pumped_storage_1,1971,57.3,888.15
SRSG_hydroelectric_pumped_storage_1,1993,40.0,620.0
SRSG_natural_gas_fired_combined_cycle_1,2001,1397.0,.
SRSG_natural_gas_fired_combined_cycle_1,2003,3947.0,.
SRSG_natural_gas_fired_combined_cycle_1,2002,2601.6,.
SRSG_natural_gas_fired_combined_cycle_1,1993,73.0,.
SRSG_natural_gas_fired_combined_cycle_1,1952,32.5,.
SRSG_natural_gas_fired_combined_cycle_1,2012,198.0,.
SRSG_natural_gas_fired_combined_cycle_1,2009,144.0,.
SRSG_natural_gas_fired_combined_cycle_1,2011,128.0,.
SRSG_natural_gas_fired_combined_cycle_1,2005,693.0,.
SRSG_natural_gas_fired_combined_cycle_1,2006,918.9,.
SRSG_natural_gas_fired_combined_cycle_1,1994,53.9,.
SRSG_natural_gas_fired_combined_cycle_1,2007,103.4,.
SRSG_natural_gas_fired_combined_cycle_1,2004,1100.3,.
SRSG_natural_gas_fired_combustion_turbine_1,2019,536.9,.
SRSG_natural_gas_fired_combustion_turbine_1,2002,648.4,.
SRSG_natural_gas_fired_combustion_turbine_1,2008,429.09999999999997,.
SRSG_natural_gas_fired_combustion_turbine_1,2001,98.80000000000001,.
SRSG_natural_gas_fired_combustion_turbine_1,2022,194.0,.
SRSG_natural_gas_fired_combustion_turbine_1,2013,93.0,.
SRSG_natural_gas_fired_combustion_turbine_1,2023,227.8,.
SRSG_natural_gas_fired_combustion_turbine_1,2006,21.2,.
SRSG_natural_gas_fired_combustion_turbine_1,2003,182.4,.
SRSG_natural_gas_fired_combustion_turbine_1,2005,6.3,.
SRSG_natural_gas_fired_combustion_turbine_1,2014,7.0,.
SRSG_natural_gas_fired_combustion_turbine_1,2011,572.4000000000001,.
SRSG_natural_gas_fired_combustion_turbine_1,2015,227.0,.
SRSG_natural_gas_fired_combustion_turbine_1,2016,186.0,.
SRSG_natural_gas_internal_combustion_engine_1,2019,97.0,.
SRSG_natural_gas_internal_combustion_engine_1,2002,4.4,.
SRSG_natural_gas_internal_combustion_engine_1,2000,1.6,.
SRSG_nuclear_1,1986,2669.0,.
SRSG_nuclear_1,1988,1334.0,.
SRSG_onshore_wind_turbine_1,2022,145.0,.
SRSG_onshore_wind_turbine_1,2021,1458.2,.
SRSG_onshore_wind_turbine_1,2023,400.2,.
SRSG_solar_photovoltaic_1,2024,400.0,.
SRSG_solar_photovoltaic_1,2022,452.1,.
SRSG_solar_photovoltaic_1,2023,610.3,.
SRSG_solar_photovoltaic_1,2021,356.0,.
TRE_conventional_hydroelectric_1,1951,93.6,.
TRE_conventional_hydroelectric_1,1983,58.0,.
TRE_conventional_hydroelectric_1,1954,30.5,.
TRE_conventional_hydroelectric_1,1953,42.0,.
TRE_conventional_hydroelectric_1,1984,0.8999999999999999,.
TRE_conventional_steam_coal_1,1988,440.0,.
TRE_conventional_steam_coal_1,2010,1640.0,.
TRE_conventional_steam_coal_1,2011,855.0,.
TRE_conventional_steam_coal_1,1990,153.0,.
TRE_conventional_steam_coal_1,1991,154.0,.
TRE_conventional_steam_coal_1,1992,560.0,.
TRE_conventional_steam_coal_1,2013,932.6,.
TRE_natural_gas_fired_combined_cycle_1,2010,912.5,.
TRE_natural_gas_fired_combined_cycle_1,1972,325.0,.
TRE_natural_gas_fired_combined_cycle_1,2009,234.0,.
TRE_natural_gas_fired_combined_cycle_1,1963,107.0,.
TRE_natural_gas_fired_combined_cycle_1,1996,330.0,.
TRE_natural_gas_fired_combined_cycle_1,1959,26.0,.
TRE_natural_gas_fired_combined_cycle_1,2003,4617.9,.
TRE_natural_gas_fired_combined_cycle_1,2014,2455.2,.
TRE_natural_gas_fired_combined_cycle_1,1976,325.0,.
TRE_natural_gas_fired_combined_cycle_1,2000,6546.8,.
TRE_natural_gas_fired_combined_cycle_1,2004,1802.1,.
TRE_natural_gas_fired_combined_cycle_1,1994,696.0,.
TRE_natural_gas_fired_combined_cycle_1,1993,270.0,.
TRE_natural_gas_fired_combined_cycle_1,2002,6873.8,.
TRE_natural_gas_fired_combined_cycle_1,1987,77.8,.
TRE_natural_gas_fired_combined_cycle_1,2023,244.0,.
TRE_natural_gas_fired_combined_cycle_1,1982,222.0,.
TRE_natural_gas_fired_combined_cycle_1,2005,78.0,.
TRE_natural_gas_fired_combined_cycle_1,1979,27.2,.
TRE_natural_gas_fired_combined_cycle_1,1951,7.6,.
TRE_natural_gas_fired_combined_cycle_1,1995,69.3,.
TRE_natural_gas_fired_combined_cycle_1,1986,266.0,.
TRE_natural_gas_fired_combined_cycle_1,1985,207.5,.
TRE_natural_gas_fired_combined_cycle_1,1998,260.0,.
TRE_natural_gas_fired_combined_cycle_1,2001,2646.0,.
TRE_natural_gas_fired_combined_cycle_1,2006,640.0,.
TRE_natural_gas_fired_combined_cycle_1,2011,685.1,.
TRE_natural_gas_fired_combined_cycle_1,1999,358.0,.
TRE_natural_gas_fired_combined_cycle_1,2007,361.7,.
TRE_natural_gas_fired_combined_cycle_1,2008,103.0,.
TRE_natural_gas_fired_combined_cycle_1,2015,786.0,.
TRE_natural_gas_fired_combined_cycle_1,2017,2403.3,.
TRE_natural_gas_fired_combustion_turbine_1,2008,191.8,.
TRE_natural_gas_fired_combustion_turbine_1,2004,508.2,.
TRE_natural_gas_fired_combustion_turbine_1,2001,460.8,.
TRE_natural_gas_fired_combustion_turbine_1,2010,569.7,.
TRE_natural_gas_fired_combustion_turbine_1,2014,93.0,.
TRE_natural_gas_fired_combustion_turbine_1,2016,93.0,.
TRE_natural_gas_fired_combustion_turbine_1,2015,186.0,.
TRE_natural_gas_fired_combustion_turbine_1,2025,320.0,.
TRE_natural_gas_fired_combustion_turbine_1,2023,410.79999999999995,.
TRE_natural_gas_fired_combustion_turbine_1,2006,4.6,.
TRE_natural_gas_fired_combustion_turbine_1,2009,15.0,.
TRE_natural_gas_fired_combustion_turbine_1,2019,187.0,.
TRE_natural_gas_fired_combustion_turbine_1,2018,490.4,.
TRE_natural_gas_fired_combustion_turbine_1,2017,184.0,.
TRE_natural_gas_fired_combustion_turbine_1,2021,921.9,.
TRE_natural_gas_fired_combustion_turbine_1,2022,889.1999999999999,.
TRE_natural_gas_internal_combustion_engine_1,2010,226.20000000000002,.
TRE_natural_gas_internal_combustion_engine_1,1994,1.8,.
TRE_natural_gas_internal_combustion_engine_1,2013,3.2,.
TRE_natural_gas_internal_combustion_engine_1,2009,0.8,.
TRE_natural_gas_internal_combustion_engine_1,2000,0.8,.
TRE_natural_gas_internal_combustion_engine_1,2001,4.800000000000001,.
TRE_natural_gas_internal_combustion_engine_1,2002,0.8,.
TRE_natural_gas_internal_combustion_engine_1,2016,271.2,.
TRE_natural_gas_internal_combustion_engine_1,2018,230.4,.
TRE_natural_gas_internal_combustion_engine_1,2021,44.400000000000006,.
TRE_natural_gas_internal_combustion_engine_1,2022,8.4,.
TRE_natural_gas_internal_combustion_engine_1,2019,11.200000000000001,.
TRE_natural_gas_internal_combustion_engine_1,2017,4.800000000000001,.
TRE_natural_gas_steam_turbine_1,2012,286.2,.
TRE_nuclear_1,1990,1235.0,.
TRE_nuclear_1,1993,1225.0,.
TRE_nuclear_1,1988,1340.0,.
TRE_nuclear_1,1989,1320.0,.
TRE_onshore_wind_turbine_1,2021,1600.6,.
TRE_onshore_wind_turbine_1,2022,1271.8,.
TRE_onshore_wind_turbine_1,2023,900.6,.
TRE_petroleum_liquids_1,2011,1.4,.
TRE_petroleum_liquids_1,2013,103.8,.
TRE_petroleum_liquids_1,2014,2.4,.
TRE_solar_photovoltaic_1,2021,910.3,.
TRE_solar_photovoltaic_1,2022,2587.1,.
TRE_solar_photovoltaic_1,2023,4269.9,.
TRE_solar_photovoltaic_1,2024,2350.0,.
TRE_WEST_natural_gas_fired_combined_cycle_1,2001,1202.6,.
TRE_WEST_natural_gas_fired_combined_cycle_1,2005,106.0,.
TRE_WEST_natural_gas_fired_combined_cycle_1,2007,266.1,.
TRE_WEST_natural_gas_fired_combined_cycle_1,2008,98.1,.
TRE_WEST_natural_gas_fired_combined_cycle_1,2002,168.0,.
TRE_WEST_natural_gas_fired_combined_cycle_1,2025,1462.4,.
TRE_WEST_natural_gas_fired_combustion_turbine_1,2015,336.0,.
TRE_WEST_natural_gas_internal_combustion_engine_1,2017,0.5,.
TRE_WEST_natural_gas_internal_combustion_engine_1,2021,6.1000000000000005,.
TRE_WEST_natural_gas_internal_combustion_engine_1,2018,1.2000000000000002,.
TRE_WEST_onshore_wind_turbine_1,2021,2468.9,.
TRE_WEST_onshore_wind_turbine_1,2022,2167.3,.
TRE_WEST_onshore_wind_turbine_1,2023,1076.2,.
TRE_WEST_petroleum_liquids_1,2013,54.0,.
TRE_WEST_solar_photovoltaic_1,2021,2845.0,.
TRE_WEST_solar_photovoltaic_1,2023,1989.6,.
TRE_WEST_solar_photovoltaic_1,2024,877.0,.
