hydro_project,timeseries,hydro_min_flow_mw,hydro_avg_flow_mw
BASN_conventional_hydroelectric_1,2050_p11,702.7450128502966,702.7450128502966
CANO_conventional_hydroelectric_1,2050_p11,1135.792986040683,1135.7929860406828
CASO_conventional_hydroelectric_1,2050_p11,122.62135522245688,122.62135522245688
FRCC_conventional_hydroelectric_1,2050_p11,15.990599999999999,15.990599999999999
ISNE_conventional_hydroelectric_1,2050_p11,278.91244967027535,278.91244967027535
MISC_conventional_hydroelectric_1,2050_p11,130.8394501672854,130.8394501672854
MISS_conventional_hydroelectric_1,2050_p11,254.6248042424243,254.6248042424243
MISW_conventional_hydroelectric_1,2050_p11,28.3297389358672,28.3297389358672
NWPP_conventional_hydroelectric_1,2050_p11,15447.078028987402,15447.078028987402
NYUP_conventional_hydroelectric_1,2050_p11,2655.19495671469,2655.19495671469
PJMC_conventional_hydroelectric_1,2050_p11,2.96296,2.96296
PJMD_conventional_hydroelectric_1,2050_p11,98.95434,98.95434
PJME_conventional_hydroelectric_1,2050_p11,279.0123595804235,279.0123595804235
PJMW_conventional_hydroelectric_1,2050_p11,259.2498281461154,259.2498281461154
RMRG_conventional_hydroelectric_1,2050_p11,153.1594817718938,153.1594817718938
SPPC_conventional_hydroelectric_1,2050_p11,19.115199999999998,19.115199999999998
SPPN_conventional_hydroelectric_1,2050_p11,915.6965688985053,915.6965688985053
SPPS_conventional_hydroelectric_1,2050_p11,632.70608,632.70608
SRCA_conventional_hydroelectric_1,2050_p11,186.69599,186.69599
SRCE_conventional_hydroelectric_1,2050_p11,1063.4720710783563,1063.4720710783563
SRSE_conventional_hydroelectric_1,2050_p11,888.7005599999999,888.7005599999999
SRSG_conventional_hydroelectric_1,2050_p11,636.0627731809955,636.0627731809955
TRE_conventional_hydroelectric_1,2050_p11,48.57620460000001,48.57620460000001
BASN_conventional_hydroelectric_1,2050_p16,804.5275380258096,804.5275380258096
CANO_conventional_hydroelectric_1,2050_p16,1825.916993437022,1825.916993437022
CASO_conventional_hydroelectric_1,2050_p16,233.57792467905549,233.57792467905549
FRCC_conventional_hydroelectric_1,2050_p16,12.07995,12.07995
ISNE_conventional_hydroelectric_1,2050_p16,215.60856026591622,215.60856026591622
MISC_conventional_hydroelectric_1,2050_p16,176.53563823520417,176.53563823520417
MISS_conventional_hydroelectric_1,2050_p16,316.4818521212121,316.4818521212121
MISW_conventional_hydroelectric_1,2050_p16,31.929566356908985,31.929566356908985
NWPP_conventional_hydroelectric_1,2050_p16,17845.403915376122,17845.403915376122
NYUP_conventional_hydroelectric_1,2050_p16,2240.5877822345133,2240.5877822345133
PJMC_conventional_hydroelectric_1,2050_p16,4.93272,4.93272
PJMD_conventional_hydroelectric_1,2050_p16,152.84583,152.84583
PJME_conventional_hydroelectric_1,2050_p16,170.62416070439997,170.62416070439997
PJMW_conventional_hydroelectric_1,2050_p16,235.55122484852913,235.55122484852913
RMRG_conventional_hydroelectric_1,2050_p16,150.30889442639315,150.30889442639315
SPPC_conventional_hydroelectric_1,2050_p16,19.9524,19.9524
SPPN_conventional_hydroelectric_1,2050_p16,1149.4665278547277,1149.4665278547277
SPPS_conventional_hydroelectric_1,2050_p16,1012.7640799999999,1012.7640799999999
SRCA_conventional_hydroelectric_1,2050_p16,171.02630999999997,171.02630999999997
SRCE_conventional_hydroelectric_1,2050_p16,277.1812775131656,277.1812775131656
SRSE_conventional_hydroelectric_1,2050_p16,290.91261,290.91261
SRSG_conventional_hydroelectric_1,2050_p16,675.8453839475112,675.8453839475112
TRE_conventional_hydroelectric_1,2050_p16,61.10837040000001,61.10837040000001
BASN_conventional_hydroelectric_1,2050_p22,765.369877178974,780.2356807492175
CANO_conventional_hydroelectric_1,2050_p22,2305.3615858770922,2393.3489307906384
CASO_conventional_hydroelectric_1,2050_p22,461.5894002453702,471.1361870650161
FRCC_conventional_hydroelectric_1,2050_p22,13.393650000000001,14.634927678571428
ISNE_conventional_hydroelectric_1,2050_p22,239.08386369532641,252.59755349291956
MISC_conventional_hydroelectric_1,2050_p22,109.04982884035813,121.91859189135765
MISS_conventional_hydroelectric_1,2050_p22,114.11511696969697,145.72648533189036
MISW_conventional_hydroelectric_1,2050_p22,27.32140675200916,27.406135818649112
NWPP_conventional_hydroelectric_1,2050_p22,18572.527978548173,18611.490022143575
NYUP_conventional_hydroelectric_1,2050_p22,2055.120253738741,2083.5425781996487
PJMC_conventional_hydroelectric_1,2050_p22,3.6940800000000005,3.836262857142857
PJMD_conventional_hydroelectric_1,2050_p22,73.87855,81.68754630952382
PJME_conventional_hydroelectric_1,2050_p22,244.91297777470584,276.2462873585162
PJMW_conventional_hydroelectric_1,2050_p22,180.50625447162926,208.5309441885077
RMRG_conventional_hydroelectric_1,2050_p22,250.82466902924818,252.1565932688742
SPPC_conventional_hydroelectric_1,2050_p22,6.0892,8.34250238095238
SPPN_conventional_hydroelectric_1,2050_p22,1161.3936446469027,1191.1116562431266
SPPS_conventional_hydroelectric_1,2050_p22,207.40308,262.95747642857145
SRCA_conventional_hydroelectric_1,2050_p22,164.63473,178.5610844642857
SRCE_conventional_hydroelectric_1,2050_p22,362.97404290594096,403.4466875624292
SRSE_conventional_hydroelectric_1,2050_p22,317.62575,322.46382232142855
SRSG_conventional_hydroelectric_1,2050_p22,640.7994429820135,643.9704874391645
TRE_conventional_hydroelectric_1,2050_p22,24.884336400000002,25.498382525000004
BASN_conventional_hydroelectric_1,2050_p27,743.0193962911886,757.0171124168083
CANO_conventional_hydroelectric_1,2050_p27,2369.446491252018,2437.5579819571835
CASO_conventional_hydroelectric_1,2050_p27,352.9176043994694,372.208346585778
FRCC_conventional_hydroelectric_1,2050_p27,9.03495,9.599336607142858
ISNE_conventional_hydroelectric_1,2050_p27,143.28791500003314,159.04396746267173
MISC_conventional_hydroelectric_1,2050_p27,95.6835853731164,96.68632512536591
MISS_conventional_hydroelectric_1,2050_p27,50.67462181818182,55.5420591919192
MISW_conventional_hydroelectric_1,2050_p27,17.96094200717802,19.87865876108758
NWPP_conventional_hydroelectric_1,2050_p27,18329.517879237203,18369.32647877109
NYUP_conventional_hydroelectric_1,2050_p27,1875.6848414931128,1904.4963396341152
PJMC_conventional_hydroelectric_1,2050_p27,4.16936,4.175538095238095
PJMD_conventional_hydroelectric_1,2050_p27,53.40101,55.56145761904762
PJME_conventional_hydroelectric_1,2050_p27,62.91207577567057,91.48122971674579
PJMW_conventional_hydroelectric_1,2050_p27,149.99067267884215,151.5929970374552
RMRG_conventional_hydroelectric_1,2050_p27,242.87110071676005,244.13684859752868
SPPC_conventional_hydroelectric_1,2050_p27,3.7804,3.9648761904761907
SPPN_conventional_hydroelectric_1,2050_p27,1311.5145132173134,1332.847924179361
SPPS_conventional_hydroelectric_1,2050_p27,150.03242,154.60647404761906
SRCA_conventional_hydroelectric_1,2050_p27,131.74901999999997,134.90185583333334
SRCE_conventional_hydroelectric_1,2050_p27,466.51774750204004,471.9507974075399
SRSE_conventional_hydroelectric_1,2050_p27,345.64196999999996,350.6584401785714
SRSG_conventional_hydroelectric_1,2050_p27,648.1771824045248,648.7598189284872
TRE_conventional_hydroelectric_1,2050_p27,8.729767200000001,11.791828400000002
BASN_conventional_hydroelectric_1,2050_p33,591.5040371984704,591.5040371984704
CANO_conventional_hydroelectric_1,2050_p33,2254.110440791146,2254.110440791146
CASO_conventional_hydroelectric_1,2050_p33,336.63635153027326,336.63635153027326
FRCC_conventional_hydroelectric_1,2050_p33,10.6401,10.6401
ISNE_conventional_hydroelectric_1,2050_p33,119.80567639176738,119.80567639176738
MISC_conventional_hydroelectric_1,2050_p33,97.14799854280409,97.14799854280409
MISS_conventional_hydroelectric_1,2050_p33,36.27182060606061,36.27182060606061
MISW_conventional_hydroelectric_1,2050_p33,16.315527608380076,16.315527608380076
NWPP_conventional_hydroelectric_1,2050_p33,14154.612975084163,14154.612975084163
NYUP_conventional_hydroelectric_1,2050_p33,1818.6337673603787,1818.6337673603787
PJMC_conventional_hydroelectric_1,2050_p33,2.3400000000000003,2.3400000000000003
PJMD_conventional_hydroelectric_1,2050_p33,60.57428,60.574279999999995
PJME_conventional_hydroelectric_1,2050_p33,87.45146934527058,87.45146934527058
PJMW_conventional_hydroelectric_1,2050_p33,146.57615819949083,146.57615819949083
RMRG_conventional_hydroelectric_1,2050_p33,257.5208968823094,257.52089688230933
SPPC_conventional_hydroelectric_1,2050_p33,3.0784000000000002,3.0784000000000002
SPPN_conventional_hydroelectric_1,2050_p33,1354.7277275371837,1354.7277275371837
SPPS_conventional_hydroelectric_1,2050_p33,90.85196,90.85196
SRCA_conventional_hydroelectric_1,2050_p33,153.81027999999998,153.81027999999998
SRCE_conventional_hydroelectric_1,2050_p33,837.2614476029258,837.261447602926
SRSE_conventional_hydroelectric_1,2050_p33,416.33405999999997,416.33405999999997
SRSG_conventional_hydroelectric_1,2050_p33,596.0949872047512,596.0949872047512
TRE_conventional_hydroelectric_1,2050_p33,15.704581200000002,15.704581200000002
BASN_conventional_hydroelectric_1,2050_p4,471.61076088179675,475.4753520541655
CANO_conventional_hydroelectric_1,2050_p4,939.3310426833729,962.1604113999362
CASO_conventional_hydroelectric_1,2050_p4,136.5287077499602,141.72386411769398
FRCC_conventional_hydroelectric_1,2050_p4,19.2792,20.671251785714286
ISNE_conventional_hydroelectric_1,2050_p4,225.2760405739447,232.99918453333595
MISC_conventional_hydroelectric_1,2050_p4,82.31867081830093,84.68855425407463
MISS_conventional_hydroelectric_1,2050_p4,248.41846848484852,249.6985631673882
MISW_conventional_hydroelectric_1,2050_p4,14.634084913589012,15.510315579235835
NWPP_conventional_hydroelectric_1,2050_p4,11790.296015471518,11939.039831896964
NYUP_conventional_hydroelectric_1,2050_p4,2579.7707770726674,2585.9284260459135
PJMC_conventional_hydroelectric_1,2050_p4,2.42632,2.615544285714286
PJMD_conventional_hydroelectric_1,2050_p4,110.9711,134.69040625
PJME_conventional_hydroelectric_1,2050_p4,298.18230880359994,312.0408336225215
PJMW_conventional_hydroelectric_1,2050_p4,231.45120962718275,232.9862904679403
RMRG_conventional_hydroelectric_1,2050_p4,106.9397268798139,114.40098057857068
SPPC_conventional_hydroelectric_1,2050_p4,7.9144000000000005,8.085969047619049
SPPN_conventional_hydroelectric_1,2050_p4,973.8104668261348,998.0463437906164
SPPS_conventional_hydroelectric_1,2050_p4,363.76980000000003,387.06451142857145
SRCA_conventional_hydroelectric_1,2050_p4,232.05558999999997,250.06320392857143
SRCE_conventional_hydroelectric_1,2050_p4,1414.3564861605137,1479.3176983846997
SRSE_conventional_hydroelectric_1,2050_p4,1000.7654399999999,1086.61940875
SRSG_conventional_hydroelectric_1,2050_p4,603.410352563801,609.1677516438004
TRE_conventional_hydroelectric_1,2050_p4,1.6649556000000003,2.78322935
BASN_conventional_hydroelectric_1,2050_p42,284.2181494910199,284.21814949101986
CANO_conventional_hydroelectric_1,2050_p42,1440.2858816350158,1440.2858816350158
CASO_conventional_hydroelectric_1,2050_p42,183.4285482905811,183.4285482905811
FRCC_conventional_hydroelectric_1,2050_p42,11.9973,11.9973
ISNE_conventional_hydroelectric_1,2050_p42,217.47826037640567,217.47826037640567
MISC_conventional_hydroelectric_1,2050_p42,85.95952843568465,85.95952843568465
MISS_conventional_hydroelectric_1,2050_p42,69.04346242424243,69.04346242424243
MISW_conventional_hydroelectric_1,2050_p42,18.486301637286775,18.486301637286775
NWPP_conventional_hydroelectric_1,2050_p42,8057.73796770914,8057.73796770914
NYUP_conventional_hydroelectric_1,2050_p42,1670.4182929635851,1670.4182929635851
PJMC_conventional_hydroelectric_1,2050_p42,2.9328,2.9328
PJMD_conventional_hydroelectric_1,2050_p42,27.77343,27.77343
PJME_conventional_hydroelectric_1,2050_p42,134.45493276249408,134.45493276249408
PJMW_conventional_hydroelectric_1,2050_p42,130.13979241451065,130.13979241451065
RMRG_conventional_hydroelectric_1,2050_p42,176.2990207291107,176.2990207291107
SPPC_conventional_hydroelectric_1,2050_p42,2.1216,2.1216
SPPN_conventional_hydroelectric_1,2050_p42,1001.9914590362862,1001.9914590362862
SPPS_conventional_hydroelectric_1,2050_p42,102.97762,102.97762
SRCA_conventional_hydroelectric_1,2050_p42,165.9749,165.9749
SRCE_conventional_hydroelectric_1,2050_p42,872.1770591914221,872.1770591914221
SRSE_conventional_hydroelectric_1,2050_p42,464.2222499999999,464.2222499999999
SRSG_conventional_hydroelectric_1,2050_p42,344.82839461085973,344.82839461085973
TRE_conventional_hydroelectric_1,2050_p42,41.08390440000001,41.08390440000001
BASN_conventional_hydroelectric_1,2050_p48,366.25469657851386,377.79411576393153
CANO_conventional_hydroelectric_1,2050_p48,1272.7729314036608,1374.23210569403
CASO_conventional_hydroelectric_1,2050_p48,152.30188294898383,161.68214706367965
FRCC_conventional_hydroelectric_1,2050_p48,12.1452,12.60384017857143
ISNE_conventional_hydroelectric_1,2050_p48,209.2039969715389,219.52455537437982
MISC_conventional_hydroelectric_1,2050_p48,64.51648746953481,73.52732458650256
MISS_conventional_hydroelectric_1,2050_p48,39.87532181818182,43.104379274891784
MISW_conventional_hydroelectric_1,2050_p48,18.171223171493992,18.557822844922725
NWPP_conventional_hydroelectric_1,2050_p48,12247.19906159101,13224.919665402766
NYUP_conventional_hydroelectric_1,2050_p48,2067.3427298406586,2097.1037128595235
PJMC_conventional_hydroelectric_1,2050_p48,3.05968,3.288102380952381
PJMD_conventional_hydroelectric_1,2050_p48,30.28714,31.893972916666666
PJME_conventional_hydroelectric_1,2050_p48,225.27200386416465,235.3548096419801
PJMW_conventional_hydroelectric_1,2050_p48,174.93853294429567,181.96001162316847
RMRG_conventional_hydroelectric_1,2050_p48,29.16557781825103,48.761614477626544
SPPC_conventional_hydroelectric_1,2050_p48,2.2256,2.5003333333333333
SPPN_conventional_hydroelectric_1,2050_p48,783.4812209769573,882.3290187828195
SPPS_conventional_hydroelectric_1,2050_p48,63.70496,67.86211369047619
SRCA_conventional_hydroelectric_1,2050_p48,117.83186999999998,122.63414583333332
SRCE_conventional_hydroelectric_1,2050_p48,836.6100857403524,851.4761756099685
SRSE_conventional_hydroelectric_1,2050_p48,465.19956,501.3871775
SRSG_conventional_hydroelectric_1,2050_p48,462.7612474736425,471.2003654012814
TRE_conventional_hydroelectric_1,2050_p48,7.0648116000000005,7.681268375
BASN_conventional_hydroelectric_1,2050_p5,482.50086129753385,490.05569537426686
CANO_conventional_hydroelectric_1,2050_p5,888.7306516381097,913.8783982742576
CASO_conventional_hydroelectric_1,2050_p5,125.06157571854602,130.76707334297237
FRCC_conventional_hydroelectric_1,2050_p5,16.22115,17.742070535714287
ISNE_conventional_hydroelectric_1,2050_p5,208.2855807766926,216.71650464340973
MISC_conventional_hydroelectric_1,2050_p5,89.02461058233237,93.68109822272355
MISS_conventional_hydroelectric_1,2050_p5,252.1762351515152,255.36719961760468
MISW_conventional_hydroelectric_1,2050_p5,17.108508857527195,18.83632062039067
NWPP_conventional_hydroelectric_1,2050_p5,11459.749117112722,11623.853168544205
NYUP_conventional_hydroelectric_1,2050_p5,2597.0203583443445,2609.012328091713
PJMC_conventional_hydroelectric_1,2050_p5,2.9598400000000002,3.331578095238095
PJMD_conventional_hydroelectric_1,2050_p5,58.79629,84.71326779761905
PJME_conventional_hydroelectric_1,2050_p5,267.7733005385176,282.89276631962514
PJMW_conventional_hydroelectric_1,2050_p5,228.16149213315106,229.801943011464
RMRG_conventional_hydroelectric_1,2050_p5,90.54410214689648,98.6896139614828
SPPC_conventional_hydroelectric_1,2050_p5,8.398,8.739559523809522
SPPN_conventional_hydroelectric_1,2050_p5,920.6027391833535,947.0296362631843
SPPS_conventional_hydroelectric_1,2050_p5,429.64652,475.4743186904762
SRCA_conventional_hydroelectric_1,2050_p5,192.36593999999997,212.073925297619
SRCE_conventional_hydroelectric_1,2050_p5,1271.3265892725249,1342.4221293178946
SRSE_conventional_hydroelectric_1,2050_p5,812.7961499999999,906.2456014285713
SRSG_conventional_hydroelectric_1,2050_p5,590.5388698719456,596.8748513316042
TRE_conventional_hydroelectric_1,2050_p5,0.0,0.5648956500000001
BASN_conventional_hydroelectric_1,2050_p8,504.26911462673627,515.6889914943439
CANO_conventional_hydroelectric_1,2050_p8,866.6884799414566,882.2968898757039
CASO_conventional_hydroelectric_1,2050_p8,120.10193326089681,120.28395125878103
FRCC_conventional_hydroelectric_1,2050_p8,14.8944,14.95786339285714
ISNE_conventional_hydroelectric_1,2050_p8,200.88767365614962,205.38606055823303
MISC_conventional_hydroelectric_1,2050_p8,102.42010220397465,104.05940308944105
MISS_conventional_hydroelectric_1,2050_p8,258.1534230303031,260.1501557251083
MISW_conventional_hydroelectric_1,2050_p8,22.06984569198626,22.430765150444092
NWPP_conventional_hydroelectric_1,2050_p8,11318.37009165979,11555.926483113877
NYUP_conventional_hydroelectric_1,2050_p8,2631.3239471274323,2632.737380528768
PJMC_conventional_hydroelectric_1,2050_p8,3.7824800000000005,3.9663742857142856
PJMD_conventional_hydroelectric_1,2050_p8,36.11159,39.74274773809524
PJME_conventional_hydroelectric_1,2050_p8,254.55427137002346,255.96589736269297
PJMW_conventional_hydroelectric_1,2050_p8,226.72136432545727,228.59135371095135
RMRG_conventional_hydroelectric_1,2050_p8,83.40170462328435,87.42750633766673
SPPC_conventional_hydroelectric_1,2050_p8,9.375599999999999,9.936673809523809
SPPN_conventional_hydroelectric_1,2050_p8,897.4773369944683,898.5037039966434
SPPS_conventional_hydroelectric_1,2050_p8,561.39996,565.5237185714286
SRCA_conventional_hydroelectric_1,2050_p8,175.14990999999998,175.81201779761903
SRCE_conventional_hydroelectric_1,2050_p8,1175.6955378977013,1200.9163483862196
SRSE_conventional_hydroelectric_1,2050_p8,731.0278799999999,740.0932058928571
SRSG_conventional_hydroelectric_1,2050_p8,584.8873055072398,587.8446717059894
TRE_conventional_hydroelectric_1,2050_p8,0.0,2.0624450000000003
