GENERATION_PROJECT,build_year,gen_predetermined_cap,gen_predetermined_storage_energy_mwh
ERCOT_conventional_steam_coal_1,1977,1479.0,.
ERCOT_conventional_steam_coal_1,1978,1483.0,.
ERCOT_conventional_steam_coal_1,1980,1175.0,.
ERCOT_conventional_steam_coal_1,1982,1001.0,.
ERCOT_conventional_steam_coal_1,1979,1418.0,.
ERCOT_conventional_steam_coal_1,1988,440.0,.
ERCOT_conventional_steam_coal_1,2010,1640.0,.
ERCOT_conventional_steam_coal_1,2011,855.0,.
ERCOT_conventional_steam_coal_1,1990,153.0,.
ERCOT_conventional_steam_coal_1,1991,154.0,.
ERCOT_conventional_steam_coal_1,1992,560.0,.
ERCOT_conventional_steam_coal_1,2013,932.6,.
ERCOT_natural_gas_fired_combined_cycle_1,2010,912.5,.
ERCOT_natural_gas_fired_combined_cycle_1,1972,325.0,.
ERCOT_natural_gas_fired_combined_cycle_1,2009,234.0,.
ERCOT_natural_gas_fired_combined_cycle_1,1963,107.0,.
ERCOT_natural_gas_fired_combined_cycle_1,1996,330.0,.
ERCOT_natural_gas_fired_combined_cycle_1,1959,26.0,.
ERCOT_natural_gas_fired_combined_cycle_1,2003,4580.9,.
ERCOT_natural_gas_fired_combined_cycle_1,2014,2455.2,.
ERCOT_natural_gas_fired_combined_cycle_1,1976,325.0,.
ERCOT_natural_gas_fired_combined_cycle_1,2000,6546.8,.
ERCOT_natural_gas_fired_combined_cycle_1,2004,1802.1,.
ERCOT_natural_gas_fired_combined_cycle_1,1994,696.0,.
ERCOT_natural_gas_fired_combined_cycle_1,1993,270.0,.
ERCOT_natural_gas_fired_combined_cycle_1,2002,7041.8,.
ERCOT_natural_gas_fired_combined_cycle_1,1987,778.9,.
ERCOT_natural_gas_fired_combined_cycle_1,2023,244.0,.
ERCOT_natural_gas_fired_combined_cycle_1,1982,378.1,.
ERCOT_natural_gas_fired_combined_cycle_1,2005,184.0,.
ERCOT_natural_gas_fired_combined_cycle_1,1989,275.0,.
ERCOT_natural_gas_fired_combined_cycle_1,1979,27.2,.
ERCOT_natural_gas_fired_combined_cycle_1,1951,7.6,.
ERCOT_natural_gas_fired_combined_cycle_1,1995,69.3,.
ERCOT_natural_gas_fired_combined_cycle_1,1986,456.0,.
ERCOT_natural_gas_fired_combined_cycle_1,1985,207.5,.
ERCOT_natural_gas_fired_combined_cycle_1,1984,201.7,.
ERCOT_natural_gas_fired_combined_cycle_1,1983,106.5,.
ERCOT_natural_gas_fired_combined_cycle_1,1988,70.0,.
ERCOT_natural_gas_fired_combined_cycle_1,1998,260.0,.
ERCOT_natural_gas_fired_combined_cycle_1,2001,3848.6,.
ERCOT_natural_gas_fired_combined_cycle_1,2006,640.0,.
ERCOT_natural_gas_fired_combined_cycle_1,2011,685.1,.
ERCOT_natural_gas_fired_combined_cycle_1,1999,358.0,.
ERCOT_natural_gas_fired_combined_cycle_1,2007,627.8,.
ERCOT_natural_gas_fired_combined_cycle_1,2008,201.1,.
ERCOT_natural_gas_fired_combined_cycle_1,2015,786.0,.
ERCOT_natural_gas_fired_combined_cycle_1,2025,1462.4,.
ERCOT_natural_gas_fired_combined_cycle_1,2017,2403.3,.
ERCOT_natural_gas_fired_combustion_turbine_1,2008,191.8,.
ERCOT_natural_gas_fired_combustion_turbine_1,1967,13.0,.
ERCOT_natural_gas_fired_combustion_turbine_1,1988,1037.7,.
ERCOT_natural_gas_fired_combustion_turbine_1,1990,501.0,.
ERCOT_natural_gas_fired_combustion_turbine_1,2004,460.2,.
ERCOT_natural_gas_fired_combustion_turbine_1,1975,21.0,.
ERCOT_natural_gas_fired_combustion_turbine_1,2001,460.8,.
ERCOT_natural_gas_fired_combustion_turbine_1,2010,569.7,.
ERCOT_natural_gas_fired_combustion_turbine_1,1994,208.0,.
ERCOT_natural_gas_fired_combustion_turbine_1,1985,38.0,.
ERCOT_natural_gas_fired_combustion_turbine_1,1989,222.8,.
ERCOT_natural_gas_fired_combustion_turbine_1,1991,8.399999999999999,.
ERCOT_natural_gas_fired_combustion_turbine_1,1996,8.399999999999999,.
ERCOT_natural_gas_fired_combustion_turbine_1,2014,93.0,.
ERCOT_natural_gas_fired_combustion_turbine_1,2016,93.0,.
ERCOT_natural_gas_fired_combustion_turbine_1,2015,522.0,.
ERCOT_natural_gas_fired_combustion_turbine_1,1977,96.0,.
ERCOT_natural_gas_fired_combustion_turbine_1,1997,467.0,.
ERCOT_natural_gas_fired_combustion_turbine_1,1987,164.0,.
ERCOT_natural_gas_fired_combustion_turbine_1,1986,2.8,.
ERCOT_natural_gas_fired_combustion_turbine_1,1984,84.0,.
ERCOT_natural_gas_fired_combustion_turbine_1,2000,164.0,.
ERCOT_natural_gas_fired_combustion_turbine_1,1969,12.0,.
ERCOT_natural_gas_fired_combustion_turbine_1,1995,177.0,.
ERCOT_natural_gas_fired_combustion_turbine_1,1978,65.9,.
ERCOT_natural_gas_fired_combustion_turbine_1,2025,320.0,.
ERCOT_natural_gas_fired_combustion_turbine_1,1999,85.0,.
ERCOT_natural_gas_fired_combustion_turbine_1,2023,410.79999999999995,.
ERCOT_natural_gas_fired_combustion_turbine_1,2006,4.6,.
ERCOT_natural_gas_fired_combustion_turbine_1,2009,15.0,.
ERCOT_natural_gas_fired_combustion_turbine_1,2013,81.0,.
ERCOT_natural_gas_fired_combustion_turbine_1,2019,187.0,.
ERCOT_natural_gas_fired_combustion_turbine_1,2018,490.4,.
ERCOT_natural_gas_fired_combustion_turbine_1,2017,184.0,.
ERCOT_natural_gas_fired_combustion_turbine_1,2021,921.9,.
ERCOT_natural_gas_fired_combustion_turbine_1,2022,889.1999999999999,.
ERCOT_natural_gas_steam_turbine_1,1970,1138.0,.
ERCOT_natural_gas_steam_turbine_1,1973,584.0,.
ERCOT_natural_gas_steam_turbine_1,1956,122.0,.
ERCOT_natural_gas_steam_turbine_1,1958,289.0,.
ERCOT_natural_gas_steam_turbine_1,1967,657.0,.
ERCOT_natural_gas_steam_turbine_1,1972,1224.0,.
ERCOT_natural_gas_steam_turbine_1,1960,234.0,.
ERCOT_natural_gas_steam_turbine_1,1969,413.0,.
ERCOT_natural_gas_steam_turbine_1,1963,395.0,.
ERCOT_natural_gas_steam_turbine_1,1976,573.0,.
ERCOT_natural_gas_steam_turbine_1,1977,435.0,.
ERCOT_natural_gas_steam_turbine_1,1965,877.0,.
ERCOT_natural_gas_steam_turbine_1,1971,107.0,.
ERCOT_natural_gas_steam_turbine_1,1968,206.0,.
ERCOT_natural_gas_steam_turbine_1,1975,200.0,.
ERCOT_natural_gas_steam_turbine_1,1966,79.0,.
ERCOT_natural_gas_steam_turbine_1,1978,151.0,.
ERCOT_natural_gas_steam_turbine_1,1974,292.0,.
ERCOT_natural_gas_steam_turbine_1,1988,2.3,.
ERCOT_natural_gas_steam_turbine_1,1993,5.2,.
ERCOT_natural_gas_steam_turbine_1,2000,42.5,.
ERCOT_natural_gas_steam_turbine_1,1987,36.0,.
ERCOT_natural_gas_steam_turbine_1,1964,15.0,.
ERCOT_natural_gas_steam_turbine_1,2012,286.2,.
ERCOT_nuclear_1,1990,1235.0,.
ERCOT_nuclear_1,1993,1225.0,.
ERCOT_nuclear_1,1988,1340.0,.
ERCOT_nuclear_1,1989,1320.0,.
ERCOT_onshore_wind_turbine_1,1998,34.3,.
ERCOT_onshore_wind_turbine_1,2001,752.5,.
ERCOT_onshore_wind_turbine_1,2002,167.7,.
ERCOT_onshore_wind_turbine_1,2003,197.5,.
ERCOT_onshore_wind_turbine_1,2005,569.8,.
ERCOT_onshore_wind_turbine_1,2006,851.3000000000001,.
ERCOT_onshore_wind_turbine_1,2007,1515.5,.
ERCOT_onshore_wind_turbine_1,2008,2753.2,.
ERCOT_onshore_wind_turbine_1,2009,1774.9,.
ERCOT_onshore_wind_turbine_1,2016,2342.5,.
ERCOT_onshore_wind_turbine_1,2010,701.7,.
ERCOT_onshore_wind_turbine_1,2011,340.0,.
ERCOT_onshore_wind_turbine_1,2012,1351.6,.
ERCOT_onshore_wind_turbine_1,2014,1738.6,.
ERCOT_onshore_wind_turbine_1,2015,3413.9,.
ERCOT_onshore_wind_turbine_1,2013,150.0,.
ERCOT_onshore_wind_turbine_1,2019,3257.5,.
ERCOT_onshore_wind_turbine_1,2018,1289.5,.
ERCOT_onshore_wind_turbine_1,2017,2121.1,.
ERCOT_onshore_wind_turbine_1,2024,428.0,.
ERCOT_onshore_wind_turbine_1,2023,2276.8,.
ERCOT_onshore_wind_turbine_1,2021,4069.5,.
ERCOT_onshore_wind_turbine_1,2022,3825.9,.
ERCOT_solar_photovoltaic_1,2010,13.5,.
ERCOT_solar_photovoltaic_1,2021,3755.3,.
ERCOT_solar_photovoltaic_1,2011,30.0,.
ERCOT_solar_photovoltaic_1,2012,31.700000000000003,.
ERCOT_solar_photovoltaic_1,2013,50.7,.
ERCOT_solar_photovoltaic_1,2015,139.3,.
ERCOT_solar_photovoltaic_1,2014,44.0,.
ERCOT_solar_photovoltaic_1,2017,661.3,.
ERCOT_solar_photovoltaic_1,2016,263.5,.
ERCOT_solar_photovoltaic_1,2018,658.6,.
ERCOT_solar_photovoltaic_1,2019,496.5,.
ERCOT_solar_photovoltaic_1,2022,2698.0,.
ERCOT_solar_photovoltaic_1,2023,6591.8,.
ERCOT_solar_photovoltaic_1,2024,3477.0,.
Eastern_conventional_steam_coal_1,1969,3960.8,.
Eastern_conventional_steam_coal_1,1971,7871.5,.
Eastern_conventional_steam_coal_1,1974,6360.0,.
Eastern_conventional_steam_coal_1,1982,5682.4,.
Eastern_conventional_steam_coal_1,1981,5744.6,.
Eastern_conventional_steam_coal_1,2011,2613.0,.
Eastern_conventional_steam_coal_1,1983,4026.8,.
Eastern_conventional_steam_coal_1,1995,1176.0,.
Eastern_conventional_steam_coal_1,1984,6767.0,.
Eastern_conventional_steam_coal_1,2007,1418.9,.
Eastern_conventional_steam_coal_1,2008,1158.5,.
Eastern_conventional_steam_coal_1,1985,1646.2,.
Eastern_conventional_steam_coal_1,1987,1490.2,.
Eastern_conventional_steam_coal_1,1996,897.4,.
Eastern_conventional_steam_coal_1,1991,1463.1,.
Eastern_conventional_steam_coal_1,1959,317.2,.
Eastern_conventional_steam_coal_1,1961,454.8,.
Eastern_conventional_steam_coal_1,1970,3848.1,.
Eastern_conventional_steam_coal_1,1973,8335.8,.
Eastern_conventional_steam_coal_1,1966,1943.4,.
Eastern_conventional_steam_coal_1,1972,6044.4,.
Eastern_conventional_steam_coal_1,1975,6183.8,.
Eastern_conventional_steam_coal_1,2009,1335.0,.
Eastern_conventional_steam_coal_1,1963,260.3,.
Eastern_conventional_steam_coal_1,1955,2067.4,.
Eastern_conventional_steam_coal_1,1956,199.7,.
Eastern_conventional_steam_coal_1,1986,984.6,.
Eastern_conventional_steam_coal_1,1977,4819.5,.
Eastern_conventional_steam_coal_1,1997,78.2,.
Eastern_conventional_steam_coal_1,1958,569.1,.
Eastern_conventional_steam_coal_1,1978,4454.8,.
Eastern_conventional_steam_coal_1,1968,2798.2,.
Eastern_conventional_steam_coal_1,2000,123.8,.
Eastern_conventional_steam_coal_1,1960,380.8,.
Eastern_conventional_steam_coal_1,1953,151.0,.
Eastern_conventional_steam_coal_1,1965,1289.8,.
Eastern_conventional_steam_coal_1,1980,5302.4,.
Eastern_conventional_steam_coal_1,1957,64.1,.
Eastern_conventional_steam_coal_1,1976,1780.5,.
Eastern_conventional_steam_coal_1,1952,48.0,.
Eastern_conventional_steam_coal_1,2012,3753.0,.
Eastern_conventional_steam_coal_1,1967,2611.7,.
Eastern_conventional_steam_coal_1,1954,11.5,.
Eastern_conventional_steam_coal_1,1949,18.0,.
Eastern_conventional_steam_coal_1,1990,1106.7,.
Eastern_conventional_steam_coal_1,1979,3978.5,.
Eastern_conventional_steam_coal_1,2004,521.0,.
Eastern_conventional_steam_coal_1,1989,761.6,.
Eastern_conventional_steam_coal_1,2005,373.0,.
Eastern_conventional_steam_coal_1,2010,2255.8,.
Eastern_conventional_steam_coal_1,1964,146.3,.
Eastern_conventional_steam_coal_1,1988,219.8,.
Eastern_conventional_steam_coal_1,1992,163.0,.
Eastern_conventional_steam_coal_1,1999,180.0,.
Eastern_conventional_steam_coal_1,1962,87.7,.
Eastern_conventional_steam_coal_1,1994,65.6,.
Eastern_conventional_steam_coal_1,1948,12.0,.
Eastern_conventional_steam_coal_1,1946,6.0,.
Eastern_conventional_steam_coal_1,1936,6.0,.
Eastern_conventional_steam_coal_1,1939,6.0,.
Eastern_conventional_steam_coal_1,1941,6.0,.
Eastern_conventional_steam_coal_1,1951,17.5,.
Eastern_conventional_steam_coal_1,1993,86.0,.
Eastern_conventional_steam_coal_1,1930,5.8,.
Eastern_conventional_steam_coal_1,2001,440.0,.
Eastern_conventional_steam_coal_1,1950,4.0,.
Eastern_conventional_steam_coal_1,1998,2.8,.
Eastern_natural_gas_fired_combined_cycle_1,2000,5691.2,.
Eastern_natural_gas_fired_combined_cycle_1,2023,6224.4,.
Eastern_natural_gas_fired_combined_cycle_1,2017,6261.8,.
Eastern_natural_gas_fired_combined_cycle_1,2002,28450.0,.
Eastern_natural_gas_fired_combined_cycle_1,1963,62.0,.
Eastern_natural_gas_fired_combined_cycle_1,1996,823.6,.
Eastern_natural_gas_fired_combined_cycle_1,1959,256.8,.
Eastern_natural_gas_fired_combined_cycle_1,1954,214.0,.
Eastern_natural_gas_fired_combined_cycle_1,2010,2965.3,.
Eastern_natural_gas_fired_combined_cycle_1,2019,6249.6,.
Eastern_natural_gas_fired_combined_cycle_1,2013,2212.2,.
Eastern_natural_gas_fired_combined_cycle_1,1969,813.0,.
Eastern_natural_gas_fired_combined_cycle_1,1958,325.9,.
Eastern_natural_gas_fired_combined_cycle_1,2001,11443.8,.
Eastern_natural_gas_fired_combined_cycle_1,2022,5931.1,.
Eastern_natural_gas_fired_combined_cycle_1,2016,4714.7,.
Eastern_natural_gas_fired_combined_cycle_1,2014,5460.2,.
Eastern_natural_gas_fired_combined_cycle_1,2003,26076.7,.
Eastern_natural_gas_fired_combined_cycle_1,1974,799.0,.
Eastern_natural_gas_fired_combined_cycle_1,2007,2983.0,.
Eastern_natural_gas_fired_combined_cycle_1,2018,18330.0,.
Eastern_natural_gas_fired_combined_cycle_1,2009,4733.2,.
Eastern_natural_gas_fired_combined_cycle_1,2021,3649.1,.
Eastern_natural_gas_fired_combined_cycle_1,1978,145.0,.
Eastern_natural_gas_fired_combined_cycle_1,1992,2177.4,.
Eastern_natural_gas_fired_combined_cycle_1,1956,35.0,.
Eastern_natural_gas_fired_combined_cycle_1,2008,2586.5,.
Eastern_natural_gas_fired_combined_cycle_1,1977,631.1,.
Eastern_natural_gas_fired_combined_cycle_1,2011,7194.2,.
Eastern_natural_gas_fired_combined_cycle_1,2012,6307.1,.
Eastern_natural_gas_fired_combined_cycle_1,1951,86.0,.
Eastern_natural_gas_fired_combined_cycle_1,1950,89.0,.
Eastern_natural_gas_fired_combined_cycle_1,1988,72.5,.
Eastern_natural_gas_fired_combined_cycle_1,1980,25.0,.
Eastern_natural_gas_fired_combined_cycle_1,1979,90.0,.
Eastern_natural_gas_fired_combined_cycle_1,1976,96.4,.
Eastern_natural_gas_fired_combined_cycle_1,1975,142.8,.
Eastern_natural_gas_fired_combined_cycle_1,1973,359.3,.
Eastern_natural_gas_fired_combined_cycle_1,2015,3142.0,.
Eastern_natural_gas_fired_combined_cycle_1,1961,282.1,.
Eastern_natural_gas_fired_combined_cycle_1,1966,355.9,.
Eastern_natural_gas_fired_combined_cycle_1,1987,256.0,.
Eastern_natural_gas_fired_combined_cycle_1,1971,23.0,.
Eastern_natural_gas_fired_combined_cycle_1,1965,258.0,.
Eastern_natural_gas_fired_combined_cycle_1,1968,16.7,.
Eastern_natural_gas_fired_combined_cycle_1,1945,5.6,.
Eastern_natural_gas_fired_combined_cycle_1,1970,118.0,.
Eastern_natural_gas_fired_combined_cycle_1,1997,1453.6,.
Eastern_natural_gas_fired_combined_cycle_1,1995,1648.1,.
Eastern_natural_gas_fired_combined_cycle_1,2006,3670.7,.
Eastern_natural_gas_fired_combined_cycle_1,2005,8031.6,.
Eastern_natural_gas_fired_combined_cycle_1,1953,65.0,.
Eastern_natural_gas_fired_combined_cycle_1,1990,2696.8,.
Eastern_natural_gas_fired_combined_cycle_1,1994,4161.1,.
Eastern_natural_gas_fired_combined_cycle_1,1981,261.0,.
Eastern_natural_gas_fired_combined_cycle_1,1993,1427.6,.
Eastern_natural_gas_fired_combined_cycle_1,1991,1794.8,.
Eastern_natural_gas_fired_combined_cycle_1,1989,1214.5,.
Eastern_natural_gas_fired_combined_cycle_1,1999,1627.0,.
Eastern_natural_gas_fired_combined_cycle_1,1967,315.0,.
Eastern_natural_gas_fired_combined_cycle_1,2004,15346.1,.
Eastern_natural_gas_fired_combined_cycle_1,1985,19.2,.
Eastern_natural_gas_fired_combined_cycle_1,1984,3.0,.
Eastern_natural_gas_fired_combined_cycle_1,1998,750.4,.
Eastern_natural_gas_fired_combined_cycle_1,1948,5.0,.
Eastern_natural_gas_fired_combined_cycle_1,1986,11.5,.
Eastern_natural_gas_fired_combined_cycle_1,1962,88.6,.
Eastern_natural_gas_fired_combined_cycle_1,1957,10.7,.
Eastern_natural_gas_fired_combined_cycle_1,1983,38.0,.
Eastern_natural_gas_fired_combined_cycle_1,2024,103.69999999999999,.
Eastern_natural_gas_fired_combined_cycle_1,2026,573.0,.
Eastern_natural_gas_fired_combined_cycle_1,2025,500.0,.
Eastern_natural_gas_fired_combustion_turbine_1,1996,1612.4,.
Eastern_natural_gas_fired_combustion_turbine_1,1995,3525.0,.
Eastern_natural_gas_fired_combustion_turbine_1,1972,1626.6,.
Eastern_natural_gas_fired_combustion_turbine_1,1999,5150.6,.
Eastern_natural_gas_fired_combustion_turbine_1,2010,975.0,.
Eastern_natural_gas_fired_combustion_turbine_1,2001,19575.5,.
Eastern_natural_gas_fired_combustion_turbine_1,2005,3238.2,.
Eastern_natural_gas_fired_combustion_turbine_1,2003,7752.2,.
Eastern_natural_gas_fired_combustion_turbine_1,2016,2250.8,.
Eastern_natural_gas_fired_combustion_turbine_1,1970,657.0,.
Eastern_natural_gas_fired_combustion_turbine_1,1980,130.0,.
Eastern_natural_gas_fired_combustion_turbine_1,2021,2163.1,.
Eastern_natural_gas_fired_combustion_turbine_1,2009,1936.8,.
Eastern_natural_gas_fired_combustion_turbine_1,2000,14317.1,.
Eastern_natural_gas_fired_combustion_turbine_1,1962,38.2,.
Eastern_natural_gas_fired_combustion_turbine_1,1973,322.5,.
Eastern_natural_gas_fired_combustion_turbine_1,1989,810.2,.
Eastern_natural_gas_fired_combustion_turbine_1,1992,2193.3,.
Eastern_natural_gas_fired_combustion_turbine_1,1971,1394.5,.
Eastern_natural_gas_fired_combustion_turbine_1,1957,4.0,.
Eastern_natural_gas_fired_combustion_turbine_1,2002,17881.6,.
Eastern_natural_gas_fired_combustion_turbine_1,2012,1721.1,.
Eastern_natural_gas_fired_combustion_turbine_1,1994,1821.2,.
Eastern_natural_gas_fired_combustion_turbine_1,1993,1203.6,.
Eastern_natural_gas_fired_combustion_turbine_1,1976,213.1,.
Eastern_natural_gas_fired_combustion_turbine_1,1977,150.1,.
Eastern_natural_gas_fired_combustion_turbine_1,1978,430.8,.
Eastern_natural_gas_fired_combustion_turbine_1,1966,194.0,.
Eastern_natural_gas_fired_combustion_turbine_1,1967,168.9,.
Eastern_natural_gas_fired_combustion_turbine_1,1968,173.0,.
Eastern_natural_gas_fired_combustion_turbine_1,1969,395.5,.
Eastern_natural_gas_fired_combustion_turbine_1,2004,2412.4,.
Eastern_natural_gas_fired_combustion_turbine_1,1988,125.3,.
Eastern_natural_gas_fired_combustion_turbine_1,1974,630.2,.
Eastern_natural_gas_fired_combustion_turbine_1,1979,368.0,.
Eastern_natural_gas_fired_combustion_turbine_1,2011,550.9,.
Eastern_natural_gas_fired_combustion_turbine_1,2015,465.4,.
Eastern_natural_gas_fired_combustion_turbine_1,1991,823.1,.
Eastern_natural_gas_fired_combustion_turbine_1,2019,702.7,.
Eastern_natural_gas_fired_combustion_turbine_1,1990,928.3,.
Eastern_natural_gas_fired_combustion_turbine_1,2022,139.3,.
Eastern_natural_gas_fired_combustion_turbine_1,2018,883.4,.
Eastern_natural_gas_fired_combustion_turbine_1,1982,49.6,.
Eastern_natural_gas_fired_combustion_turbine_1,2007,1681.9,.
Eastern_natural_gas_fired_combustion_turbine_1,1997,794.1,.
Eastern_natural_gas_fired_combustion_turbine_1,2006,766.7,.
Eastern_natural_gas_fired_combustion_turbine_1,1981,85.0,.
Eastern_natural_gas_fired_combustion_turbine_1,1986,299.29999999999995,.
Eastern_natural_gas_fired_combustion_turbine_1,1963,18.5,.
Eastern_natural_gas_fired_combustion_turbine_1,2014,194.0,.
Eastern_natural_gas_fired_combustion_turbine_1,2023,474.0,.
Eastern_natural_gas_fired_combustion_turbine_1,1965,110.0,.
Eastern_natural_gas_fired_combustion_turbine_1,1998,507.0,.
Eastern_natural_gas_fired_combustion_turbine_1,2017,728.9,.
Eastern_natural_gas_fired_combustion_turbine_1,2008,1523.2,.
Eastern_natural_gas_fired_combustion_turbine_1,1975,1353.0,.
Eastern_natural_gas_fired_combustion_turbine_1,2013,316.7,.
Eastern_natural_gas_fired_combustion_turbine_1,2025,503.0,.
Eastern_natural_gas_fired_combustion_turbine_1,1983,106.5,.
Eastern_natural_gas_fired_combustion_turbine_1,2024,1002.2,.
Eastern_natural_gas_fired_combustion_turbine_1,1964,13.1,.
Eastern_natural_gas_fired_combustion_turbine_1,1984,22.0,.
Eastern_natural_gas_fired_combustion_turbine_1,1985,96.7,.
Eastern_natural_gas_fired_combustion_turbine_1,1987,12.5,.
Eastern_natural_gas_steam_turbine_1,1954,939.4,.
Eastern_natural_gas_steam_turbine_1,1965,2301.2,.
Eastern_natural_gas_steam_turbine_1,1966,1347.3999999999999,.
Eastern_natural_gas_steam_turbine_1,1960,1005.2,.
Eastern_natural_gas_steam_turbine_1,1961,1113.8,.
Eastern_natural_gas_steam_turbine_1,1962,748.7,.
Eastern_natural_gas_steam_turbine_1,1972,1369.2,.
Eastern_natural_gas_steam_turbine_1,1958,1931.3,.
Eastern_natural_gas_steam_turbine_1,1964,834.3,.
Eastern_natural_gas_steam_turbine_1,1973,2024.8,.
Eastern_natural_gas_steam_turbine_1,1970,1777.8,.
Eastern_natural_gas_steam_turbine_1,2023,343.0,.
Eastern_natural_gas_steam_turbine_1,1977,2753.2,.
Eastern_natural_gas_steam_turbine_1,1967,1151.8,.
Eastern_natural_gas_steam_turbine_1,1974,4989.4,.
Eastern_natural_gas_steam_turbine_1,1957,287.7,.
Eastern_natural_gas_steam_turbine_1,1959,1134.8,.
Eastern_natural_gas_steam_turbine_1,1948,53.5,.
Eastern_natural_gas_steam_turbine_1,1953,300.7,.
Eastern_natural_gas_steam_turbine_1,2009,3.4,.
Eastern_natural_gas_steam_turbine_1,1938,5.0,.
Eastern_natural_gas_steam_turbine_1,1968,1000.1,.
Eastern_natural_gas_steam_turbine_1,1982,693.6,.
Eastern_natural_gas_steam_turbine_1,1963,1606.2,.
Eastern_natural_gas_steam_turbine_1,1969,2035.2,.
Eastern_natural_gas_steam_turbine_1,1955,329.3,.
Eastern_natural_gas_steam_turbine_1,1971,1332.4,.
Eastern_natural_gas_steam_turbine_1,1950,120.7,.
Eastern_natural_gas_steam_turbine_1,1956,489.5,.
Eastern_natural_gas_steam_turbine_1,1975,3362.7,.
Eastern_natural_gas_steam_turbine_1,1986,57.099999999999994,.
Eastern_natural_gas_steam_turbine_1,1997,80.30000000000001,.
Eastern_natural_gas_steam_turbine_1,1951,264.7,.
Eastern_natural_gas_steam_turbine_1,1978,1013.5,.
Eastern_natural_gas_steam_turbine_1,1952,185.8,.
Eastern_natural_gas_steam_turbine_1,1976,841.3,.
Eastern_natural_gas_steam_turbine_1,1979,1243.4,.
Eastern_natural_gas_steam_turbine_1,1996,415.0,.
Eastern_natural_gas_steam_turbine_1,2004,38.1,.
Eastern_natural_gas_steam_turbine_1,2017,35.8,.
Eastern_natural_gas_steam_turbine_1,1947,21.5,.
Eastern_natural_gas_steam_turbine_1,2006,93.2,.
Eastern_natural_gas_steam_turbine_1,2005,47.5,.
Eastern_natural_gas_steam_turbine_1,1993,109.6,.
Eastern_natural_gas_steam_turbine_1,1980,52.5,.
Eastern_natural_gas_steam_turbine_1,1985,20.9,.
Eastern_natural_gas_steam_turbine_1,1939,6.6,.
Eastern_natural_gas_steam_turbine_1,1992,1.5,.
Eastern_natural_gas_steam_turbine_1,1989,98.1,.
Eastern_natural_gas_steam_turbine_1,2002,10.0,.
Eastern_natural_gas_steam_turbine_1,1946,1.0,.
Eastern_natural_gas_steam_turbine_1,1995,30.8,.
Eastern_natural_gas_steam_turbine_1,1983,28.3,.
Eastern_natural_gas_steam_turbine_1,2001,12.5,.
Eastern_natural_gas_steam_turbine_1,1949,7.0,.
Eastern_natural_gas_steam_turbine_1,1981,71.2,.
Eastern_natural_gas_steam_turbine_1,1984,9.0,.
Eastern_natural_gas_steam_turbine_1,1943,7.5,.
Eastern_natural_gas_steam_turbine_1,1988,13.4,.
Eastern_natural_gas_steam_turbine_1,1990,24.799999999999997,.
Eastern_natural_gas_steam_turbine_1,1942,12.0,.
Eastern_natural_gas_steam_turbine_1,1944,6.0,.
Eastern_natural_gas_steam_turbine_1,2021,9.0,.
Eastern_natural_gas_steam_turbine_1,2011,15.0,.
Eastern_natural_gas_steam_turbine_1,2013,0.6,.
Eastern_natural_gas_steam_turbine_1,1987,14.5,.
Eastern_natural_gas_steam_turbine_1,2015,2.5,.
Eastern_natural_gas_steam_turbine_1,2003,10.399999999999999,.
Eastern_natural_gas_steam_turbine_1,2022,15.8,.
Eastern_natural_gas_steam_turbine_1,1940,6.0,.
Eastern_natural_gas_steam_turbine_1,1999,19.6,.
Eastern_natural_gas_steam_turbine_1,2000,19.2,.
Eastern_natural_gas_steam_turbine_1,2014,93.1,.
Eastern_natural_gas_steam_turbine_1,2007,3.0,.
Eastern_natural_gas_steam_turbine_1,2010,1.2,.
Eastern_natural_gas_steam_turbine_1,1998,12.1,.
Eastern_natural_gas_steam_turbine_1,2019,11.3,.
Eastern_natural_gas_steam_turbine_1,2008,8.6,.
Eastern_natural_gas_steam_turbine_1,1991,4.8,.
Eastern_natural_gas_steam_turbine_1,2018,10.0,.
Eastern_nuclear_1,1974,8411.7,.
Eastern_nuclear_1,1975,5956.6,.
Eastern_nuclear_1,1977,6070.0,.
Eastern_nuclear_1,1987,6739.1,.
Eastern_nuclear_1,1985,6305.7,.
Eastern_nuclear_1,1986,5743.2,.
Eastern_nuclear_1,1972,4158.0,.
Eastern_nuclear_1,1973,2628.0,.
Eastern_nuclear_1,1989,1152.0,.
Eastern_nuclear_1,2023,1114.0,.
Eastern_nuclear_1,2024,1114.0,.
Eastern_nuclear_1,1988,3545.0,.
Eastern_nuclear_1,1971,1438.9,.
Eastern_nuclear_1,1981,4411.3,.
Eastern_nuclear_1,1969,636.4,.
Eastern_nuclear_1,1970,1183.5,.
Eastern_nuclear_1,1978,2176.0,.
Eastern_nuclear_1,1984,5787.2,.
Eastern_nuclear_1,1976,2796.5,.
Eastern_nuclear_1,1983,2234.0,.
Eastern_nuclear_1,1979,883.0,.
Eastern_nuclear_1,1990,2446.4,.
Eastern_nuclear_1,1982,1155.1,.
Eastern_nuclear_1,1980,1978.0,.
Eastern_nuclear_1,1996,1179.0,.
Eastern_nuclear_1,2016,1164.0,.
Eastern_onshore_wind_turbine_1,2009,5251.8,.
Eastern_onshore_wind_turbine_1,2007,1884.3,.
Eastern_onshore_wind_turbine_1,2002,233.39999999999998,.
Eastern_onshore_wind_turbine_1,2003,601.0,.
Eastern_onshore_wind_turbine_1,2017,2971.4,.
Eastern_onshore_wind_turbine_1,1997,5.0,.
Eastern_onshore_wind_turbine_1,2010,2622.0,.
Eastern_onshore_wind_turbine_1,2011,4096.7,.
Eastern_onshore_wind_turbine_1,1999,362.1,.
Eastern_onshore_wind_turbine_1,2001,280.2,.
Eastern_onshore_wind_turbine_1,2000,26.299999999999997,.
Eastern_onshore_wind_turbine_1,1998,106.0,.
Eastern_onshore_wind_turbine_1,2004,217.4,.
Eastern_onshore_wind_turbine_1,2005,1013.5,.
Eastern_onshore_wind_turbine_1,2006,758.5,.
Eastern_onshore_wind_turbine_1,2008,4461.8,.
Eastern_onshore_wind_turbine_1,2012,6751.3,.
Eastern_onshore_wind_turbine_1,2015,3353.4,.
Eastern_onshore_wind_turbine_1,2016,5745.8,.
Eastern_onshore_wind_turbine_1,2019,4709.0,.
Eastern_onshore_wind_turbine_1,2013,654.0,.
Eastern_onshore_wind_turbine_1,2014,2145.3,.
Eastern_onshore_wind_turbine_1,2024,493.5,.
Eastern_onshore_wind_turbine_1,2018,3993.9,.
Eastern_onshore_wind_turbine_1,2021,6766.0,.
Eastern_onshore_wind_turbine_1,2023,4140.7,.
Eastern_onshore_wind_turbine_1,2022,3707.6,.
Eastern_onshore_wind_turbine_1,2026,290.7,.
Eastern_onshore_wind_turbine_1,2025,742.0,.
Eastern_solar_photovoltaic_1,2017,2794.2,.
Eastern_solar_photovoltaic_1,2015,1361.2,.
Eastern_solar_photovoltaic_1,2014,720.9,.
Eastern_solar_photovoltaic_1,2019,3099.3,.
Eastern_solar_photovoltaic_1,2016,2697.8,.
Eastern_solar_photovoltaic_1,2018,2830.7,.
Eastern_solar_photovoltaic_1,2010,80.6,.
Eastern_solar_photovoltaic_1,2005,0.4,.
Eastern_solar_photovoltaic_1,2008,7.5,.
Eastern_solar_photovoltaic_1,2024,4935.2,.
Eastern_solar_photovoltaic_1,2007,1.2000000000000002,.
Eastern_solar_photovoltaic_1,2009,52.3,.
Eastern_solar_photovoltaic_1,2006,0.9,.
Eastern_solar_photovoltaic_1,2012,366.3,.
Eastern_solar_photovoltaic_1,2013,550.0,.
Eastern_solar_photovoltaic_1,2011,290.2,.
Eastern_solar_photovoltaic_1,2021,6431.1,.
Eastern_solar_photovoltaic_1,2022,4837.5,.
Eastern_solar_photovoltaic_1,2023,9934.2,.
Eastern_solar_photovoltaic_1,2026,1526.4,.
Eastern_solar_photovoltaic_1,2025,1897.5,.
Western_conventional_steam_coal_1,1962,116.0,.
Western_conventional_steam_coal_1,1980,717.0,.
Western_conventional_steam_coal_1,1979,701.0,.
Western_conventional_steam_coal_1,2010,869.0,.
Western_conventional_steam_coal_1,1959,99.0,.
Western_conventional_steam_coal_1,1961,106.0,.
Western_conventional_steam_coal_1,1972,340.0,.
Western_conventional_steam_coal_1,1963,156.0,.
Western_conventional_steam_coal_1,1968,216.0,.
Western_conventional_steam_coal_1,1984,740.0,.
Western_conventional_steam_coal_1,1986,740.0,.
Western_conventional_steam_coal_1,1978,831.0,.
Western_conventional_steam_coal_1,1983,471.0,.
Western_conventional_steam_coal_1,1981,1635.0,.
Western_conventional_steam_coal_1,1982,570.0,.
Western_conventional_steam_coal_1,1995,80.0,.
Western_conventional_steam_coal_1,1974,981.0,.
Western_conventional_steam_coal_1,1975,559.0,.
Western_conventional_steam_coal_1,1976,523.0,.
Western_conventional_steam_coal_1,1977,474.0,.
Western_conventional_steam_coal_1,1985,381.0,.
Western_conventional_steam_coal_1,1990,446.5,.
Western_conventional_steam_coal_1,2006,524.0,.
Western_conventional_steam_coal_1,2009,415.0,.
Western_conventional_steam_coal_1,1994,5.0,.
Western_conventional_steam_coal_1,1947,7.0,.
Western_conventional_steam_coal_1,1993,51.0,.
Western_conventional_steam_coal_1,2003,86.0,.
Western_conventional_steam_coal_1,2008,310.2,.
Western_conventional_steam_coal_1,2011,406.5,.
Western_conventional_steam_coal_1,1953,7.0,.
Western_conventional_steam_coal_1,1964,4.0,.
Western_geothermal_1,1975,68.0,.
Western_geothermal_1,1979,56.0,.
Western_geothermal_1,1980,130.0,.
Western_geothermal_1,1985,247.1,.
Western_geothermal_1,1982,75.0,.
Western_geothermal_1,1983,168.0,.
Western_geothermal_1,1971,100.0,.
Western_geothermal_1,1972,84.0,.
Western_geothermal_1,1984,143.0,.
Western_geothermal_1,2007,44.3,.
Western_geothermal_1,1986,43.4,.
Western_geothermal_1,2006,52.5,.
Western_geothermal_1,2011,2.0,.
Western_geothermal_1,1990,53.1,.
Western_geothermal_1,1989,281.9,.
Western_geothermal_1,1988,201.2,.
Western_geothermal_1,1987,27.5,.
Western_geothermal_1,2009,208.70000000000002,.
Western_geothermal_1,2003,24.0,.
Western_geothermal_1,1998,57.0,.
Western_geothermal_1,2012,176.5,.
Western_geothermal_1,1993,48.0,.
Western_geothermal_1,2008,58.2,.
Western_geothermal_1,2022,134.3,.
Western_geothermal_1,1992,32.4,.
Western_geothermal_1,2018,125.4,.
Western_geothermal_1,1996,44.0,.
Western_geothermal_1,2000,56.0,.
Western_geothermal_1,2002,6.5,.
Western_geothermal_1,2005,30.0,.
Western_geothermal_1,2013,71.8,.
Western_geothermal_1,2010,23.5,.
Western_geothermal_1,2015,72.8,.
Western_geothermal_1,2014,22.5,.
Western_geothermal_1,2017,37.0,.
Western_geothermal_1,2021,24.8,.
Western_geothermal_1,2019,20.0,.
Western_geothermal_1,2023,37.0,.
Western_natural_gas_fired_combined_cycle_1,2001,3900.4,.
Western_natural_gas_fired_combined_cycle_1,2003,9772.5,.
Western_natural_gas_fired_combined_cycle_1,1976,276.0,.
Western_natural_gas_fired_combined_cycle_1,2002,5570.5,.
Western_natural_gas_fired_combined_cycle_1,2005,4488.7,.
Western_natural_gas_fired_combined_cycle_1,2006,4054.9,.
Western_natural_gas_fired_combined_cycle_1,1977,257.0,.
Western_natural_gas_fired_combined_cycle_1,1993,567.8,.
Western_natural_gas_fired_combined_cycle_1,1952,32.5,.
Western_natural_gas_fired_combined_cycle_1,2012,1120.2,.
Western_natural_gas_fired_combined_cycle_1,1995,834.1,.
Western_natural_gas_fired_combined_cycle_1,2015,911.0,.
Western_natural_gas_fired_combined_cycle_1,2004,3945.1,.
Western_natural_gas_fired_combined_cycle_1,2016,554.5,.
Western_natural_gas_fired_combined_cycle_1,1979,162.0,.
Western_natural_gas_fired_combined_cycle_1,1994,1073.2,.
Western_natural_gas_fired_combined_cycle_1,1982,81.0,.
Western_natural_gas_fired_combined_cycle_1,1980,81.0,.
Western_natural_gas_fired_combined_cycle_1,2008,1606.0,.
Western_natural_gas_fired_combined_cycle_1,1996,762.8,.
Western_natural_gas_fired_combined_cycle_1,2009,1336.9,.
Western_natural_gas_fired_combined_cycle_1,2011,698.0,.
Western_natural_gas_fired_combined_cycle_1,1999,199.0,.
Western_natural_gas_fired_combined_cycle_1,1998,304.0,.
Western_natural_gas_fired_combined_cycle_1,2025,840.0,.
Western_natural_gas_fired_combined_cycle_1,1989,214.2,.
Western_natural_gas_fired_combined_cycle_1,1997,544.8,.
Western_natural_gas_fired_combined_cycle_1,1974,687.0,.
Western_natural_gas_fired_combined_cycle_1,1975,103.0,.
Western_natural_gas_fired_combined_cycle_1,1987,477.4,.
Western_natural_gas_fired_combined_cycle_1,1990,141.2,.
Western_natural_gas_fired_combined_cycle_1,2013,1330.0,.
Western_natural_gas_fired_combined_cycle_1,1988,496.5,.
Western_natural_gas_fired_combined_cycle_1,1992,137.0,.
Western_natural_gas_fired_combined_cycle_1,1991,105.0,.
Western_natural_gas_fired_combined_cycle_1,1959,15.5,.
Western_natural_gas_fired_combined_cycle_1,2000,78.0,.
Western_natural_gas_fired_combined_cycle_1,2007,1302.8,.
Western_natural_gas_fired_combined_cycle_1,2014,741.4,.
Western_natural_gas_fired_combined_cycle_1,2010,674.5,.
Western_natural_gas_fired_combustion_turbine_1,1981,377.9,.
Western_natural_gas_fired_combustion_turbine_1,1972,379.0,.
Western_natural_gas_fired_combustion_turbine_1,1973,522.3,.
Western_natural_gas_fired_combustion_turbine_1,2019,582.4,.
Western_natural_gas_fired_combustion_turbine_1,2002,2391.8,.
Western_natural_gas_fired_combustion_turbine_1,1971,106.5,.
Western_natural_gas_fired_combustion_turbine_1,2008,1456.2,.
Western_natural_gas_fired_combustion_turbine_1,2001,1548.2,.
Western_natural_gas_fired_combustion_turbine_1,1975,150.0,.
Western_natural_gas_fired_combustion_turbine_1,1974,184.3,.
Western_natural_gas_fired_combustion_turbine_1,2022,314.0,.
Western_natural_gas_fired_combustion_turbine_1,1963,10.0,.
Western_natural_gas_fired_combustion_turbine_1,1976,336.4,.
Western_natural_gas_fired_combustion_turbine_1,2004,242.4,.
Western_natural_gas_fired_combustion_turbine_1,2013,2843.7,.
Western_natural_gas_fired_combustion_turbine_1,2015,453.1,.
Western_natural_gas_fired_combustion_turbine_1,2023,391.6,.
Western_natural_gas_fired_combustion_turbine_1,1986,407.7,.
Western_natural_gas_fired_combustion_turbine_1,1984,275.6,.
Western_natural_gas_fired_combustion_turbine_1,1994,367.2,.
Western_natural_gas_fired_combustion_turbine_1,1977,50.0,.
Western_natural_gas_fired_combustion_turbine_1,1978,25.0,.
Western_natural_gas_fired_combustion_turbine_1,1979,46.1,.
Western_natural_gas_fired_combustion_turbine_1,2012,640.6,.
Western_natural_gas_fired_combustion_turbine_1,2009,905.0,.
Western_natural_gas_fired_combustion_turbine_1,1989,618.9,.
Western_natural_gas_fired_combustion_turbine_1,2006,336.2,.
Western_natural_gas_fired_combustion_turbine_1,1995,171.6,.
Western_natural_gas_fired_combustion_turbine_1,1987,368.0,.
Western_natural_gas_fired_combustion_turbine_1,1982,55.2,.
Western_natural_gas_fired_combustion_turbine_1,1993,91.0,.
Western_natural_gas_fired_combustion_turbine_1,1996,170.9,.
Western_natural_gas_fired_combustion_turbine_1,2000,545.9,.
Western_natural_gas_fired_combustion_turbine_1,2003,844.1,.
Western_natural_gas_fired_combustion_turbine_1,1999,64.0,.
Western_natural_gas_fired_combustion_turbine_1,2016,568.2,.
Western_natural_gas_fired_combustion_turbine_1,1985,356.0,.
Western_natural_gas_fired_combustion_turbine_1,1991,517.0,.
Western_natural_gas_fired_combustion_turbine_1,1990,247.6,.
Western_natural_gas_fired_combustion_turbine_1,1969,15.0,.
Western_natural_gas_fired_combustion_turbine_1,1988,107.3,.
Western_natural_gas_fired_combustion_turbine_1,1992,63.0,.
Western_natural_gas_fired_combustion_turbine_1,2005,460.8,.
Western_natural_gas_fired_combustion_turbine_1,2014,103.0,.
Western_natural_gas_fired_combustion_turbine_1,1983,30.3,.
Western_natural_gas_fired_combustion_turbine_1,2011,1007.5,.
Western_natural_gas_fired_combustion_turbine_1,2010,208.4,.
Western_natural_gas_fired_combustion_turbine_1,2007,505.0,.
Western_natural_gas_fired_combustion_turbine_1,2018,527.5,.
Western_natural_gas_fired_combustion_turbine_1,2017,45.3,.
Western_natural_gas_steam_turbine_1,1959,174.0,.
Western_natural_gas_steam_turbine_1,1967,642.9,.
Western_natural_gas_steam_turbine_1,1962,724.0,.
Western_natural_gas_steam_turbine_1,1958,339.8,.
Western_natural_gas_steam_turbine_1,1957,312.0,.
Western_natural_gas_steam_turbine_1,1961,516.0,.
Western_natural_gas_steam_turbine_1,1952,103.0,.
Western_natural_gas_steam_turbine_1,1954,296.9,.
Western_natural_gas_steam_turbine_1,1964,652.0,.
Western_natural_gas_steam_turbine_1,1979,175.0,.
Western_natural_gas_steam_turbine_1,1953,34.0,.
Western_natural_gas_steam_turbine_1,1968,78.0,.
Western_natural_gas_steam_turbine_1,1963,222.0,.
Western_natural_gas_steam_turbine_1,1974,108.0,.
Western_natural_gas_steam_turbine_1,1972,147.0,.
Western_natural_gas_steam_turbine_1,1960,83.0,.
Western_natural_gas_steam_turbine_1,1951,64.0,.
Western_natural_gas_steam_turbine_1,1955,104.5,.
Western_natural_gas_steam_turbine_1,1971,247.0,.
Western_natural_gas_steam_turbine_1,1983,20.0,.
Western_natural_gas_steam_turbine_1,1977,10.0,.
Western_natural_gas_steam_turbine_1,1976,10.0,.
Western_natural_gas_steam_turbine_1,1948,14.600000000000001,.
Western_natural_gas_steam_turbine_1,1982,1.5,.
Western_natural_gas_steam_turbine_1,2023,3.0,.
Western_natural_gas_steam_turbine_1,1947,3.0,.
Western_natural_gas_steam_turbine_1,2010,2.9,.
Western_nuclear_1,1984,1172.0,.
Western_nuclear_1,1986,2669.0,.
Western_nuclear_1,1988,1334.0,.
Western_onshore_wind_turbine_1,2004,87.0,.
Western_onshore_wind_turbine_1,2000,7.7,.
Western_onshore_wind_turbine_1,1994,60.099999999999994,.
Western_onshore_wind_turbine_1,2006,963.6,.
Western_onshore_wind_turbine_1,2007,1646.1,.
Western_onshore_wind_turbine_1,2012,4608.5,.
Western_onshore_wind_turbine_1,2002,255.0,.
Western_onshore_wind_turbine_1,1988,16.0,.
Western_onshore_wind_turbine_1,1984,134.6,.
Western_onshore_wind_turbine_1,1985,16.4,.
Western_onshore_wind_turbine_1,1983,31.0,.
Western_onshore_wind_turbine_1,1981,17.3,.
Western_onshore_wind_turbine_1,2021,2860.0,.
Western_onshore_wind_turbine_1,1999,150.5,.
Western_onshore_wind_turbine_1,2008,976.6,.
Western_onshore_wind_turbine_1,1982,3.5,.
Western_onshore_wind_turbine_1,1993,4.2,.
Western_onshore_wind_turbine_1,1989,88.5,.
Western_onshore_wind_turbine_1,1990,82.5,.
Western_onshore_wind_turbine_1,2005,430.4,.
Western_onshore_wind_turbine_1,2011,2282.8,.
Western_onshore_wind_turbine_1,1986,31.099999999999998,.
Western_onshore_wind_turbine_1,1987,25.3,.
Western_onshore_wind_turbine_1,1992,6.5,.
Western_onshore_wind_turbine_1,1997,13.6,.
Western_onshore_wind_turbine_1,2024,747.3,.
Western_onshore_wind_turbine_1,1998,25.0,.
Western_onshore_wind_turbine_1,1975,16.5,.
Western_onshore_wind_turbine_1,2001,404.0,.
Western_onshore_wind_turbine_1,2022,575.8,.
Western_onshore_wind_turbine_1,2003,735.6,.
Western_onshore_wind_turbine_1,2018,976.5999999999999,.
Western_onshore_wind_turbine_1,2009,2632.9,.
Western_onshore_wind_turbine_1,2010,1459.1,.
Western_onshore_wind_turbine_1,2013,33.1,.
Western_onshore_wind_turbine_1,2015,713.9,.
Western_onshore_wind_turbine_1,2017,940.1,.
Western_onshore_wind_turbine_1,2019,392.3,.
Western_onshore_wind_turbine_1,2014,782.3000000000001,.
Western_onshore_wind_turbine_1,2027,1500.0,.
Western_onshore_wind_turbine_1,2028,750.0,.
Western_onshore_wind_turbine_1,2029,750.0,.
Western_onshore_wind_turbine_1,2025,400.0,.
Western_onshore_wind_turbine_1,2016,239.6,.
Western_onshore_wind_turbine_1,2023,360.7,.
Western_solar_photovoltaic_1,2001,3.9000000000000004,.
Western_solar_photovoltaic_1,2023,7665.4,.
Western_solar_photovoltaic_1,2010,136.6,.
Western_solar_photovoltaic_1,2014,2553.1,.
Western_solar_photovoltaic_1,2017,1633.9,.
Western_solar_photovoltaic_1,2009,45.699999999999996,.
Western_solar_photovoltaic_1,2011,389.6,.
Western_solar_photovoltaic_1,2012,1192.7,.
Western_solar_photovoltaic_1,2022,3401.7,.
Western_solar_photovoltaic_1,2002,3.0,.
Western_solar_photovoltaic_1,2007,30.2,.
Western_solar_photovoltaic_1,2008,22.2,.
Western_solar_photovoltaic_1,2013,2092.8,.
Western_solar_photovoltaic_1,2006,0.9,.
Western_solar_photovoltaic_1,2015,1839.9,.
Western_solar_photovoltaic_1,2005,1.4,.
Western_solar_photovoltaic_1,2018,1366.8,.
Western_solar_photovoltaic_1,2016,4841.4,.
Western_solar_photovoltaic_1,2024,2628.4,.
Western_solar_photovoltaic_1,2003,0.2,.
Western_solar_photovoltaic_1,2019,1808.8,.
Western_solar_photovoltaic_1,2021,3066.6,.
Western_solar_photovoltaic_1,2025,663.0,.
