load_zone,fuel,period,fuel_cost
SPP_WEST,Coal,2050,1.8597238493763126
SPP_WEST,Coal,2040,1.8324636850154699
SPP_WEST,Coal,2030,1.8849954944319929
SPP_WEST,Coal,2020,1.9522542356360282
SPP_WEST,Naturalgas,2050,3.729076772707182
SPP_WEST,Naturalgas,2040,3.474868453279198
SPP_WEST,Naturalgas,2030,3.2928709976257253
SPP_WEST,Naturalgas,2020,2.087038260168898
SPP_WEST,Distillate,2050,21.69762101440602
SPP_WEST,Distillate,2040,19.281594987033408
SPP_WEST,Distillate,2030,17.0944346839711
SPP_WEST,Distillate,2020,19.46000467063292
SPP_WEST,Uranium,2050,0.7002569774346096
SPP_WEST,Uranium,2040,0.6813037230351604
SPP_WEST,Uranium,2030,0.6643466582178466
SPP_WEST,Uranium,2020,0.6503810014198712
SPP_SPS,Coal,2050,1.8597238493763126
SPP_SPS,Coal,2040,1.8324636850154699
SPP_SPS,Coal,2030,1.8849954944319929
SPP_SPS,Coal,2020,1.9522542356360282
SPP_SPS,Naturalgas,2050,3.729076772707182
SPP_SPS,Naturalgas,2040,3.474868453279198
SPP_SPS,Naturalgas,2030,3.2928709976257253
SPP_SPS,Naturalgas,2020,2.087038260168898
SPP_SPS,Distillate,2050,21.69762101440602
SPP_SPS,Distillate,2040,19.281594987033408
SPP_SPS,Distillate,2030,17.0944346839711
SPP_SPS,Distillate,2020,19.46000467063292
SPP_SPS,Uranium,2050,0.7002569774346096
SPP_SPS,Uranium,2040,0.6813037230351604
SPP_SPS,Uranium,2030,0.6643466582178466
SPP_SPS,Uranium,2020,0.6503810014198712
MIS_AMSO,Coal,2050,1.8597238493763126
MIS_AMSO,Coal,2040,1.8324636850154699
MIS_AMSO,Coal,2030,1.8849954944319929
MIS_AMSO,Coal,2020,1.9522542356360282
MIS_AMSO,Naturalgas,2050,3.729076772707182
MIS_AMSO,Naturalgas,2040,3.474868453279198
MIS_AMSO,Naturalgas,2030,3.2928709976257253
MIS_AMSO,Naturalgas,2020,2.087038260168898
MIS_AMSO,Distillate,2050,21.69762101440602
MIS_AMSO,Distillate,2040,19.281594987033408
MIS_AMSO,Distillate,2030,17.0944346839711
MIS_AMSO,Distillate,2020,19.46000467063292
MIS_AMSO,Uranium,2050,0.7002569774346096
MIS_AMSO,Uranium,2040,0.6813037230351604
MIS_AMSO,Uranium,2030,0.6643466582178466
MIS_AMSO,Uranium,2020,0.6503810014198712
MIS_WOTA,Coal,2050,1.8597238493763126
MIS_WOTA,Coal,2040,1.8324636850154699
MIS_WOTA,Coal,2030,1.8849954944319929
MIS_WOTA,Coal,2020,1.9522542356360282
MIS_WOTA,Naturalgas,2050,3.729076772707182
MIS_WOTA,Naturalgas,2040,3.474868453279198
MIS_WOTA,Naturalgas,2030,3.2928709976257253
MIS_WOTA,Naturalgas,2020,2.087038260168898
MIS_WOTA,Distillate,2050,21.69762101440602
MIS_WOTA,Distillate,2040,19.281594987033408
MIS_WOTA,Distillate,2030,17.0944346839711
MIS_WOTA,Distillate,2020,19.46000467063292
MIS_WOTA,Uranium,2050,0.7002569774346096
MIS_WOTA,Uranium,2040,0.6813037230351604
MIS_WOTA,Uranium,2030,0.6643466582178466
MIS_WOTA,Uranium,2020,0.6503810014198712
MIS_LA,Coal,2050,1.8597238493763126
MIS_LA,Coal,2040,1.8324636850154699
MIS_LA,Coal,2030,1.8849954944319929
MIS_LA,Coal,2020,1.9522542356360282
MIS_LA,Naturalgas,2050,3.729076772707182
MIS_LA,Naturalgas,2040,3.474868453279198
MIS_LA,Naturalgas,2030,3.2928709976257253
MIS_LA,Naturalgas,2020,2.087038260168898
MIS_LA,Distillate,2050,21.69762101440602
MIS_LA,Distillate,2040,19.281594987033408
MIS_LA,Distillate,2030,17.0944346839711
MIS_LA,Distillate,2020,19.46000467063292
MIS_LA,Uranium,2050,0.7002569774346096
MIS_LA,Uranium,2040,0.6813037230351604
MIS_LA,Uranium,2030,0.6643466582178466
MIS_LA,Uranium,2020,0.6503810014198712
MIS_AR,Coal,2050,1.8597238493763126
MIS_AR,Coal,2040,1.8324636850154699
MIS_AR,Coal,2030,1.8849954944319929
MIS_AR,Coal,2020,1.9522542356360282
MIS_AR,Naturalgas,2050,3.729076772707182
MIS_AR,Naturalgas,2040,3.474868453279198
MIS_AR,Naturalgas,2030,3.2928709976257253
MIS_AR,Naturalgas,2020,2.087038260168898
MIS_AR,Distillate,2050,21.69762101440602
MIS_AR,Distillate,2040,19.281594987033408
MIS_AR,Distillate,2030,17.0944346839711
MIS_AR,Distillate,2020,19.46000467063292
MIS_AR,Uranium,2050,0.7002569774346096
MIS_AR,Uranium,2040,0.6813037230351604
MIS_AR,Uranium,2030,0.6643466582178466
MIS_AR,Uranium,2020,0.6503810014198712
MIS_D_MS,Coal,2050,1.9395225346460296
MIS_D_MS,Coal,2040,1.947728772222157
MIS_D_MS,Coal,2030,1.960962876353865
MIS_D_MS,Coal,2020,2.006741006895958
MIS_D_MS,Naturalgas,2050,3.7675326650942473
MIS_D_MS,Naturalgas,2040,3.553173352108489
MIS_D_MS,Naturalgas,2030,3.442830665149008
MIS_D_MS,Naturalgas,2020,2.4181459001709324
MIS_D_MS,Distillate,2050,21.639909850463706
MIS_D_MS,Distillate,2040,19.198295779110293
MIS_D_MS,Distillate,2030,16.94779432880774
MIS_D_MS,Distillate,2020,19.55437592336607
MIS_D_MS,Uranium,2050,0.7002569774346096
MIS_D_MS,Uranium,2040,0.6813037230351604
MIS_D_MS,Uranium,2030,0.6643466582178466
MIS_D_MS,Uranium,2020,0.6503810014198712
S_C_TVA,Coal,2050,1.9395225346460296
S_C_TVA,Coal,2040,1.947728772222157
S_C_TVA,Coal,2030,1.960962876353865
S_C_TVA,Coal,2020,2.006741006895958
S_C_TVA,Naturalgas,2050,3.7675326650942473
S_C_TVA,Naturalgas,2040,3.553173352108489
S_C_TVA,Naturalgas,2030,3.442830665149008
S_C_TVA,Naturalgas,2020,2.4181459001709324
S_C_TVA,Distillate,2050,21.639909850463706
S_C_TVA,Distillate,2040,19.198295779110293
S_C_TVA,Distillate,2030,16.94779432880774
S_C_TVA,Distillate,2020,19.55437592336607
S_C_TVA,Uranium,2050,0.7002569774346096
S_C_TVA,Uranium,2040,0.6813037230351604
S_C_TVA,Uranium,2030,0.6643466582178466
S_C_TVA,Uranium,2020,0.6503810014198712
S_C_KY,Coal,2050,1.9395225346460296
S_C_KY,Coal,2040,1.947728772222157
S_C_KY,Coal,2030,1.960962876353865
S_C_KY,Coal,2020,2.006741006895958
S_C_KY,Naturalgas,2050,3.7675326650942473
S_C_KY,Naturalgas,2040,3.553173352108489
S_C_KY,Naturalgas,2030,3.442830665149008
S_C_KY,Naturalgas,2020,2.4181459001709324
S_C_KY,Distillate,2050,21.639909850463706
S_C_KY,Distillate,2040,19.198295779110293
S_C_KY,Distillate,2030,16.94779432880774
S_C_KY,Distillate,2020,19.55437592336607
S_C_KY,Uranium,2050,0.7002569774346096
S_C_KY,Uranium,2040,0.6813037230351604
S_C_KY,Uranium,2030,0.6643466582178466
S_C_KY,Uranium,2020,0.6503810014198712
FRCC,Coal,2050,2.3992492140641564
FRCC,Coal,2040,2.39968162592849
FRCC,Coal,2030,2.4320051318759117
FRCC,Coal,2020,2.4266464846258855
FRCC,Naturalgas,2050,4.227987062040155
FRCC,Naturalgas,2040,4.0459828948943315
FRCC,Naturalgas,2030,3.923494324348639
FRCC,Naturalgas,2020,3.0275829631107305
FRCC,Distillate,2050,24.080393514748273
FRCC,Distillate,2040,21.64999147075965
FRCC,Distillate,2030,19.488914903327505
FRCC,Distillate,2020,20.686870266333408
FRCC,Uranium,2050,0.7002569774346096
FRCC,Uranium,2040,0.6813037230351604
FRCC,Uranium,2030,0.6643466582178466
FRCC,Uranium,2020,0.6503810014198712
S_SOU,Coal,2050,2.3992492140641564
S_SOU,Coal,2040,2.39968162592849
S_SOU,Coal,2030,2.4320051318759117
S_SOU,Coal,2020,2.4266464846258855
S_SOU,Naturalgas,2050,4.227987062040155
S_SOU,Naturalgas,2040,4.0459828948943315
S_SOU,Naturalgas,2030,3.923494324348639
S_SOU,Naturalgas,2020,3.0275829631107305
S_SOU,Distillate,2050,24.080393514748273
S_SOU,Distillate,2040,21.64999147075965
S_SOU,Distillate,2030,19.488914903327505
S_SOU,Distillate,2020,20.686870266333408
S_SOU,Uranium,2050,0.7002569774346096
S_SOU,Uranium,2040,0.6813037230351604
S_SOU,Uranium,2030,0.6643466582178466
S_SOU,Uranium,2020,0.6503810014198712
S_VACA,Coal,2050,2.3992492140641564
S_VACA,Coal,2040,2.39968162592849
S_VACA,Coal,2030,2.4320051318759117
S_VACA,Coal,2020,2.4266464846258855
S_VACA,Naturalgas,2050,4.227987062040155
S_VACA,Naturalgas,2040,4.0459828948943315
S_VACA,Naturalgas,2030,3.923494324348639
S_VACA,Naturalgas,2020,3.0275829631107305
S_VACA,Distillate,2050,24.080393514748273
S_VACA,Distillate,2040,21.64999147075965
S_VACA,Distillate,2030,19.488914903327505
S_VACA,Distillate,2020,20.686870266333408
S_VACA,Uranium,2050,0.7002569774346096
S_VACA,Uranium,2040,0.6813037230351604
S_VACA,Uranium,2030,0.6643466582178466
S_VACA,Uranium,2020,0.6503810014198712
PJM_Dom,Coal,2050,2.3992492140641564
PJM_Dom,Coal,2040,2.39968162592849
PJM_Dom,Coal,2030,2.4320051318759117
PJM_Dom,Coal,2020,2.4266464846258855
PJM_Dom,Naturalgas,2050,4.227987062040155
PJM_Dom,Naturalgas,2040,4.0459828948943315
PJM_Dom,Naturalgas,2030,3.923494324348639
PJM_Dom,Naturalgas,2020,3.0275829631107305
PJM_Dom,Distillate,2050,24.080393514748273
PJM_Dom,Distillate,2040,21.64999147075965
PJM_Dom,Distillate,2030,19.488914903327505
PJM_Dom,Distillate,2020,20.686870266333408
PJM_Dom,Uranium,2050,0.7002569774346096
PJM_Dom,Uranium,2040,0.6813037230351604
PJM_Dom,Uranium,2030,0.6643466582178466
PJM_Dom,Uranium,2020,0.6503810014198712
PJM_SMAC,Coal,2050,2.3992492140641564
PJM_SMAC,Coal,2040,2.39968162592849
PJM_SMAC,Coal,2030,2.4320051318759117
PJM_SMAC,Coal,2020,2.4266464846258855
PJM_SMAC,Naturalgas,2050,4.227987062040155
PJM_SMAC,Naturalgas,2040,4.0459828948943315
PJM_SMAC,Naturalgas,2030,3.923494324348639
PJM_SMAC,Naturalgas,2020,3.0275829631107305
PJM_SMAC,Distillate,2050,24.080393514748273
PJM_SMAC,Distillate,2040,21.64999147075965
PJM_SMAC,Distillate,2030,19.488914903327505
PJM_SMAC,Distillate,2020,20.686870266333408
PJM_SMAC,Uranium,2050,0.7002569774346096
PJM_SMAC,Uranium,2040,0.6813037230351604
PJM_SMAC,Uranium,2030,0.6643466582178466
PJM_SMAC,Uranium,2020,0.6503810014198712
PJM_AP,Coal,2050,2.3992492140641564
PJM_AP,Coal,2040,2.39968162592849
PJM_AP,Coal,2030,2.4320051318759117
PJM_AP,Coal,2020,2.4266464846258855
PJM_AP,Naturalgas,2050,4.227987062040155
PJM_AP,Naturalgas,2040,4.0459828948943315
PJM_AP,Naturalgas,2030,3.923494324348639
PJM_AP,Naturalgas,2020,3.0275829631107305
PJM_AP,Distillate,2050,24.080393514748273
PJM_AP,Distillate,2040,21.64999147075965
PJM_AP,Distillate,2030,19.488914903327505
PJM_AP,Distillate,2020,20.686870266333408
PJM_AP,Uranium,2050,0.7002569774346096
PJM_AP,Uranium,2040,0.6813037230351604
PJM_AP,Uranium,2030,0.6643466582178466
PJM_AP,Uranium,2020,0.6503810014198712
MIS_MAPP,Coal,2050,1.745671624715928
MIS_MAPP,Coal,2040,1.7040105153389111
MIS_MAPP,Coal,2030,1.6345302701666686
MIS_MAPP,Coal,2020,1.6608498668137388
MIS_MAPP,Naturalgas,2050,4.212608156709967
MIS_MAPP,Naturalgas,2040,3.855692911048788
MIS_MAPP,Naturalgas,2030,3.5944720408985478
MIS_MAPP,Naturalgas,2020,2.436093389502341
MIS_MAPP,Distillate,2050,20.30435547127597
MIS_MAPP,Distillate,2040,17.842118901496928
MIS_MAPP,Distillate,2030,15.606435467520937
MIS_MAPP,Distillate,2020,19.384503258037135
MIS_MAPP,Uranium,2050,0.7002569774346096
MIS_MAPP,Uranium,2040,0.6813037230351604
MIS_MAPP,Uranium,2030,0.6643466582178466
MIS_MAPP,Uranium,2020,0.6503810014198712
SPP_WAUE,Coal,2050,1.745671624715928
SPP_WAUE,Coal,2040,1.7040105153389111
SPP_WAUE,Coal,2030,1.6345302701666686
SPP_WAUE,Coal,2020,1.6608498668137388
SPP_WAUE,Naturalgas,2050,4.212608156709967
SPP_WAUE,Naturalgas,2040,3.855692911048788
SPP_WAUE,Naturalgas,2030,3.5944720408985478
SPP_WAUE,Naturalgas,2020,2.436093389502341
SPP_WAUE,Distillate,2050,20.30435547127597
SPP_WAUE,Distillate,2040,17.842118901496928
SPP_WAUE,Distillate,2030,15.606435467520937
SPP_WAUE,Distillate,2020,19.384503258037135
SPP_WAUE,Uranium,2050,0.7002569774346096
SPP_WAUE,Uranium,2040,0.6813037230351604
SPP_WAUE,Uranium,2030,0.6643466582178466
SPP_WAUE,Uranium,2020,0.6503810014198712
SPP_NEBR,Coal,2050,1.745671624715928
SPP_NEBR,Coal,2040,1.7040105153389111
SPP_NEBR,Coal,2030,1.6345302701666686
SPP_NEBR,Coal,2020,1.6608498668137388
SPP_NEBR,Naturalgas,2050,4.212608156709967
SPP_NEBR,Naturalgas,2040,3.855692911048788
SPP_NEBR,Naturalgas,2030,3.5944720408985478
SPP_NEBR,Naturalgas,2020,2.436093389502341
SPP_NEBR,Distillate,2050,20.30435547127597
SPP_NEBR,Distillate,2040,17.842118901496928
SPP_NEBR,Distillate,2030,15.606435467520937
SPP_NEBR,Distillate,2020,19.384503258037135
SPP_NEBR,Uranium,2050,0.7002569774346096
SPP_NEBR,Uranium,2040,0.6813037230351604
SPP_NEBR,Uranium,2030,0.6643466582178466
SPP_NEBR,Uranium,2020,0.6503810014198712
MIS_MIDA,Coal,2050,1.745671624715928
MIS_MIDA,Coal,2040,1.7040105153389111
MIS_MIDA,Coal,2030,1.6345302701666686
MIS_MIDA,Coal,2020,1.6608498668137388
MIS_MIDA,Naturalgas,2050,4.212608156709967
MIS_MIDA,Naturalgas,2040,3.855692911048788
MIS_MIDA,Naturalgas,2030,3.5944720408985478
MIS_MIDA,Naturalgas,2020,2.436093389502341
MIS_MIDA,Distillate,2050,20.30435547127597
MIS_MIDA,Distillate,2040,17.842118901496928
MIS_MIDA,Distillate,2030,15.606435467520937
MIS_MIDA,Distillate,2020,19.384503258037135
MIS_MIDA,Uranium,2050,0.7002569774346096
MIS_MIDA,Uranium,2040,0.6813037230351604
MIS_MIDA,Uranium,2030,0.6643466582178466
MIS_MIDA,Uranium,2020,0.6503810014198712
SPP_N,Coal,2050,1.745671624715928
SPP_N,Coal,2040,1.7040105153389111
SPP_N,Coal,2030,1.6345302701666686
SPP_N,Coal,2020,1.6608498668137388
SPP_N,Naturalgas,2050,4.212608156709967
SPP_N,Naturalgas,2040,3.855692911048788
SPP_N,Naturalgas,2030,3.5944720408985478
SPP_N,Naturalgas,2020,2.436093389502341
SPP_N,Distillate,2050,20.30435547127597
SPP_N,Distillate,2040,17.842118901496928
SPP_N,Distillate,2030,15.606435467520937
SPP_N,Distillate,2020,19.384503258037135
SPP_N,Uranium,2050,0.7002569774346096
SPP_N,Uranium,2040,0.6813037230351604
SPP_N,Uranium,2030,0.6643466582178466
SPP_N,Uranium,2020,0.6503810014198712
MIS_MNWI,Coal,2050,1.745671624715928
MIS_MNWI,Coal,2040,1.7040105153389111
MIS_MNWI,Coal,2030,1.6345302701666686
MIS_MNWI,Coal,2020,1.6608498668137388
MIS_MNWI,Naturalgas,2050,4.212608156709967
MIS_MNWI,Naturalgas,2040,3.855692911048788
MIS_MNWI,Naturalgas,2030,3.5944720408985478
MIS_MNWI,Naturalgas,2020,2.436093389502341
MIS_MNWI,Distillate,2050,20.30435547127597
MIS_MNWI,Distillate,2040,17.842118901496928
MIS_MNWI,Distillate,2030,15.606435467520937
MIS_MNWI,Distillate,2020,19.384503258037135
MIS_MNWI,Uranium,2050,0.7002569774346096
MIS_MNWI,Uranium,2040,0.6813037230351604
MIS_MNWI,Uranium,2030,0.6643466582178466
MIS_MNWI,Uranium,2020,0.6503810014198712
MIS_IA,Coal,2050,1.745671624715928
MIS_IA,Coal,2040,1.7040105153389111
MIS_IA,Coal,2030,1.6345302701666686
MIS_IA,Coal,2020,1.6608498668137388
MIS_IA,Naturalgas,2050,4.212608156709967
MIS_IA,Naturalgas,2040,3.855692911048788
MIS_IA,Naturalgas,2030,3.5944720408985478
MIS_IA,Naturalgas,2020,2.436093389502341
MIS_IA,Distillate,2050,20.30435547127597
MIS_IA,Distillate,2040,17.842118901496928
MIS_IA,Distillate,2030,15.606435467520937
MIS_IA,Distillate,2020,19.384503258037135
MIS_IA,Uranium,2050,0.7002569774346096
MIS_IA,Uranium,2040,0.6813037230351604
MIS_IA,Uranium,2030,0.6643466582178466
MIS_IA,Uranium,2020,0.6503810014198712
MIS_MO,Coal,2050,1.745671624715928
MIS_MO,Coal,2040,1.7040105153389111
MIS_MO,Coal,2030,1.6345302701666686
MIS_MO,Coal,2020,1.6608498668137388
MIS_MO,Naturalgas,2050,4.212608156709967
MIS_MO,Naturalgas,2040,3.855692911048788
MIS_MO,Naturalgas,2030,3.5944720408985478
MIS_MO,Naturalgas,2020,2.436093389502341
MIS_MO,Distillate,2050,20.30435547127597
MIS_MO,Distillate,2040,17.842118901496928
MIS_MO,Distillate,2030,15.606435467520937
MIS_MO,Distillate,2020,19.384503258037135
MIS_MO,Uranium,2050,0.7002569774346096
MIS_MO,Uranium,2040,0.6813037230351604
MIS_MO,Uranium,2030,0.6643466582178466
MIS_MO,Uranium,2020,0.6503810014198712
S_D_AECI,Coal,2050,1.745671624715928
S_D_AECI,Coal,2040,1.7040105153389111
S_D_AECI,Coal,2030,1.6345302701666686
S_D_AECI,Coal,2020,1.6608498668137388
S_D_AECI,Naturalgas,2050,4.212608156709967
S_D_AECI,Naturalgas,2040,3.855692911048788
S_D_AECI,Naturalgas,2030,3.5944720408985478
S_D_AECI,Naturalgas,2020,2.436093389502341
S_D_AECI,Distillate,2050,20.30435547127597
S_D_AECI,Distillate,2040,17.842118901496928
S_D_AECI,Distillate,2030,15.606435467520937
S_D_AECI,Distillate,2020,19.384503258037135
S_D_AECI,Uranium,2050,0.7002569774346096
S_D_AECI,Uranium,2040,0.6813037230351604
S_D_AECI,Uranium,2030,0.6643466582178466
S_D_AECI,Uranium,2020,0.6503810014198712
MIS_WUMS,Coal,2050,1.7710496948646037
MIS_WUMS,Coal,2040,1.8023933229287676
MIS_WUMS,Coal,2030,1.8210570243724993
MIS_WUMS,Coal,2020,1.9180083665223326
MIS_WUMS,Naturalgas,2050,3.5251749235890277
MIS_WUMS,Naturalgas,2040,3.351625319236321
MIS_WUMS,Naturalgas,2030,3.277038587169528
MIS_WUMS,Naturalgas,2020,2.217247923272197
MIS_WUMS,Distillate,2050,20.252732589680708
MIS_WUMS,Distillate,2040,17.79052190708645
MIS_WUMS,Distillate,2030,15.554879700849183
MIS_WUMS,Distillate,2020,19.176879407017996
MIS_WUMS,Uranium,2050,0.7002569774346096
MIS_WUMS,Uranium,2040,0.6813037230351604
MIS_WUMS,Uranium,2030,0.6643466582178466
MIS_WUMS,Uranium,2020,0.6503810014198712
MIS_LMI,Coal,2050,1.7710496948646037
MIS_LMI,Coal,2040,1.8023933229287676
MIS_LMI,Coal,2030,1.8210570243724993
MIS_LMI,Coal,2020,1.9180083665223326
MIS_LMI,Naturalgas,2050,3.5251749235890277
MIS_LMI,Naturalgas,2040,3.351625319236321
MIS_LMI,Naturalgas,2030,3.277038587169528
MIS_LMI,Naturalgas,2020,2.217247923272197
MIS_LMI,Distillate,2050,20.252732589680708
MIS_LMI,Distillate,2040,17.79052190708645
MIS_LMI,Distillate,2030,15.554879700849183
MIS_LMI,Distillate,2020,19.176879407017996
MIS_LMI,Uranium,2050,0.7002569774346096
MIS_LMI,Uranium,2040,0.6813037230351604
MIS_LMI,Uranium,2030,0.6643466582178466
MIS_LMI,Uranium,2020,0.6503810014198712
PJM_COMD,Coal,2050,1.7710496948646037
PJM_COMD,Coal,2040,1.8023933229287676
PJM_COMD,Coal,2030,1.8210570243724993
PJM_COMD,Coal,2020,1.9180083665223326
PJM_COMD,Naturalgas,2050,3.5251749235890277
PJM_COMD,Naturalgas,2040,3.351625319236321
PJM_COMD,Naturalgas,2030,3.277038587169528
PJM_COMD,Naturalgas,2020,2.217247923272197
PJM_COMD,Distillate,2050,20.252732589680708
PJM_COMD,Distillate,2040,17.79052190708645
PJM_COMD,Distillate,2030,15.554879700849183
PJM_COMD,Distillate,2020,19.176879407017996
PJM_COMD,Uranium,2050,0.7002569774346096
PJM_COMD,Uranium,2040,0.6813037230351604
PJM_COMD,Uranium,2030,0.6643466582178466
PJM_COMD,Uranium,2020,0.6503810014198712
MIS_IL,Coal,2050,1.7710496948646037
MIS_IL,Coal,2040,1.8023933229287676
MIS_IL,Coal,2030,1.8210570243724993
MIS_IL,Coal,2020,1.9180083665223326
MIS_IL,Naturalgas,2050,3.5251749235890277
MIS_IL,Naturalgas,2040,3.351625319236321
MIS_IL,Naturalgas,2030,3.277038587169528
MIS_IL,Naturalgas,2020,2.217247923272197
MIS_IL,Distillate,2050,20.252732589680708
MIS_IL,Distillate,2040,17.79052190708645
MIS_IL,Distillate,2030,15.554879700849183
MIS_IL,Distillate,2020,19.176879407017996
MIS_IL,Uranium,2050,0.7002569774346096
MIS_IL,Uranium,2040,0.6813037230351604
MIS_IL,Uranium,2030,0.6643466582178466
MIS_IL,Uranium,2020,0.6503810014198712
MIS_INKY,Coal,2050,1.7710496948646037
MIS_INKY,Coal,2040,1.8023933229287676
MIS_INKY,Coal,2030,1.8210570243724993
MIS_INKY,Coal,2020,1.9180083665223326
MIS_INKY,Naturalgas,2050,3.5251749235890277
MIS_INKY,Naturalgas,2040,3.351625319236321
MIS_INKY,Naturalgas,2030,3.277038587169528
MIS_INKY,Naturalgas,2020,2.217247923272197
MIS_INKY,Distillate,2050,20.252732589680708
MIS_INKY,Distillate,2040,17.79052190708645
MIS_INKY,Distillate,2030,15.554879700849183
MIS_INKY,Distillate,2020,19.176879407017996
MIS_INKY,Uranium,2050,0.7002569774346096
MIS_INKY,Uranium,2040,0.6813037230351604
MIS_INKY,Uranium,2030,0.6643466582178466
MIS_INKY,Uranium,2020,0.6503810014198712
PJM_West,Coal,2050,1.7710496948646037
PJM_West,Coal,2040,1.8023933229287676
PJM_West,Coal,2030,1.8210570243724993
PJM_West,Coal,2020,1.9180083665223326
PJM_West,Naturalgas,2050,3.5251749235890277
PJM_West,Naturalgas,2040,3.351625319236321
PJM_West,Naturalgas,2030,3.277038587169528
PJM_West,Naturalgas,2020,2.217247923272197
PJM_West,Distillate,2050,20.252732589680708
PJM_West,Distillate,2040,17.79052190708645
PJM_West,Distillate,2030,15.554879700849183
PJM_West,Distillate,2020,19.176879407017996
PJM_West,Uranium,2050,0.7002569774346096
PJM_West,Uranium,2040,0.6813037230351604
PJM_West,Uranium,2030,0.6643466582178466
PJM_West,Uranium,2020,0.6503810014198712
PJM_ATSI,Coal,2050,1.7710496948646037
PJM_ATSI,Coal,2040,1.8023933229287676
PJM_ATSI,Coal,2030,1.8210570243724993
PJM_ATSI,Coal,2020,1.9180083665223326
PJM_ATSI,Naturalgas,2050,3.5251749235890277
PJM_ATSI,Naturalgas,2040,3.351625319236321
PJM_ATSI,Naturalgas,2030,3.277038587169528
PJM_ATSI,Naturalgas,2020,2.217247923272197
PJM_ATSI,Distillate,2050,20.252732589680708
PJM_ATSI,Distillate,2040,17.79052190708645
PJM_ATSI,Distillate,2030,15.554879700849183
PJM_ATSI,Distillate,2020,19.176879407017996
PJM_ATSI,Uranium,2050,0.7002569774346096
PJM_ATSI,Uranium,2040,0.6813037230351604
PJM_ATSI,Uranium,2030,0.6643466582178466
PJM_ATSI,Uranium,2020,0.6503810014198712
PJM_WMAC,Coal,2050,1.9064022786780725
PJM_WMAC,Coal,2040,1.9194331204700046
PJM_WMAC,Coal,2030,2.079622061120955
PJM_WMAC,Coal,2020,2.308475321231181
PJM_WMAC,Naturalgas,2050,3.43169821690781
PJM_WMAC,Naturalgas,2040,3.1943740946659003
PJM_WMAC,Naturalgas,2030,3.1072752232874516
PJM_WMAC,Naturalgas,2020,2.6146401793027376
PJM_WMAC,Distillate,2050,25.731388993221383
PJM_WMAC,Distillate,2040,23.300927504586223
PJM_WMAC,Distillate,2030,21.139772316815108
PJM_WMAC,Distillate,2020,21.555114938530924
PJM_WMAC,Uranium,2050,0.7002569774346096
PJM_WMAC,Uranium,2040,0.6813037230351604
PJM_WMAC,Uranium,2030,0.6643466582178466
PJM_WMAC,Uranium,2020,0.6503810014198712
PJM_EMAC,Coal,2050,1.9064022786780725
PJM_EMAC,Coal,2040,1.9194331204700046
PJM_EMAC,Coal,2030,2.079622061120955
PJM_EMAC,Coal,2020,2.308475321231181
PJM_EMAC,Naturalgas,2050,3.43169821690781
PJM_EMAC,Naturalgas,2040,3.1943740946659003
PJM_EMAC,Naturalgas,2030,3.1072752232874516
PJM_EMAC,Naturalgas,2020,2.6146401793027376
PJM_EMAC,Distillate,2050,25.731388993221383
PJM_EMAC,Distillate,2040,23.300927504586223
PJM_EMAC,Distillate,2030,21.139772316815108
PJM_EMAC,Distillate,2020,21.555114938530924
PJM_EMAC,Uranium,2050,0.7002569774346096
PJM_EMAC,Uranium,2040,0.6813037230351604
PJM_EMAC,Uranium,2030,0.6643466582178466
PJM_EMAC,Uranium,2020,0.6503810014198712
PJM_SMAC,Coal,2050,1.9064022786780725
PJM_SMAC,Coal,2040,1.9194331204700046
PJM_SMAC,Coal,2030,2.079622061120955
PJM_SMAC,Coal,2020,2.308475321231181
PJM_SMAC,Naturalgas,2050,3.43169821690781
PJM_SMAC,Naturalgas,2040,3.1943740946659003
PJM_SMAC,Naturalgas,2030,3.1072752232874516
PJM_SMAC,Naturalgas,2020,2.6146401793027376
PJM_SMAC,Distillate,2050,25.731388993221383
PJM_SMAC,Distillate,2040,23.300927504586223
PJM_SMAC,Distillate,2030,21.139772316815108
PJM_SMAC,Distillate,2020,21.555114938530924
PJM_SMAC,Uranium,2050,0.7002569774346096
PJM_SMAC,Uranium,2040,0.6813037230351604
PJM_SMAC,Uranium,2030,0.6643466582178466
PJM_SMAC,Uranium,2020,0.6503810014198712
PJM_PENE,Coal,2050,1.9064022786780725
PJM_PENE,Coal,2040,1.9194331204700046
PJM_PENE,Coal,2030,2.079622061120955
PJM_PENE,Coal,2020,2.308475321231181
PJM_PENE,Naturalgas,2050,3.43169821690781
PJM_PENE,Naturalgas,2040,3.1943740946659003
PJM_PENE,Naturalgas,2030,3.1072752232874516
PJM_PENE,Naturalgas,2020,2.6146401793027376
PJM_PENE,Distillate,2050,25.731388993221383
PJM_PENE,Distillate,2040,23.300927504586223
PJM_PENE,Distillate,2030,21.139772316815108
PJM_PENE,Distillate,2020,21.555114938530924
PJM_PENE,Uranium,2050,0.7002569774346096
PJM_PENE,Uranium,2040,0.6813037230351604
PJM_PENE,Uranium,2030,0.6643466582178466
PJM_PENE,Uranium,2020,0.6503810014198712
NY_Z_A,Coal,2050,1.9064022786780725
NY_Z_A,Coal,2040,1.9194331204700046
NY_Z_A,Coal,2030,2.079622061120955
NY_Z_A,Coal,2020,2.308475321231181
NY_Z_A,Naturalgas,2050,3.43169821690781
NY_Z_A,Naturalgas,2040,3.1943740946659003
NY_Z_A,Naturalgas,2030,3.1072752232874516
NY_Z_A,Naturalgas,2020,2.6146401793027376
NY_Z_A,Distillate,2050,25.731388993221383
NY_Z_A,Distillate,2040,23.300927504586223
NY_Z_A,Distillate,2030,21.139772316815108
NY_Z_A,Distillate,2020,21.555114938530924
NY_Z_A,Uranium,2050,0.7002569774346096
NY_Z_A,Uranium,2040,0.6813037230351604
NY_Z_A,Uranium,2030,0.6643466582178466
NY_Z_A,Uranium,2020,0.6503810014198712
NY_Z_B,Coal,2050,1.9064022786780725
NY_Z_B,Coal,2040,1.9194331204700046
NY_Z_B,Coal,2030,2.079622061120955
NY_Z_B,Coal,2020,2.308475321231181
NY_Z_B,Naturalgas,2050,3.43169821690781
NY_Z_B,Naturalgas,2040,3.1943740946659003
NY_Z_B,Naturalgas,2030,3.1072752232874516
NY_Z_B,Naturalgas,2020,2.6146401793027376
NY_Z_B,Distillate,2050,25.731388993221383
NY_Z_B,Distillate,2040,23.300927504586223
NY_Z_B,Distillate,2030,21.139772316815108
NY_Z_B,Distillate,2020,21.555114938530924
NY_Z_B,Uranium,2050,0.7002569774346096
NY_Z_B,Uranium,2040,0.6813037230351604
NY_Z_B,Uranium,2030,0.6643466582178466
NY_Z_B,Uranium,2020,0.6503810014198712
NY_Z_C&E,Coal,2050,1.9064022786780725
NY_Z_C&E,Coal,2040,1.9194331204700046
NY_Z_C&E,Coal,2030,2.079622061120955
NY_Z_C&E,Coal,2020,2.308475321231181
NY_Z_C&E,Naturalgas,2050,3.43169821690781
NY_Z_C&E,Naturalgas,2040,3.1943740946659003
NY_Z_C&E,Naturalgas,2030,3.1072752232874516
NY_Z_C&E,Naturalgas,2020,2.6146401793027376
NY_Z_C&E,Distillate,2050,25.731388993221383
NY_Z_C&E,Distillate,2040,23.300927504586223
NY_Z_C&E,Distillate,2030,21.139772316815108
NY_Z_C&E,Distillate,2020,21.555114938530924
NY_Z_C&E,Uranium,2050,0.7002569774346096
NY_Z_C&E,Uranium,2040,0.6813037230351604
NY_Z_C&E,Uranium,2030,0.6643466582178466
NY_Z_C&E,Uranium,2020,0.6503810014198712
NY_Z_D,Coal,2050,1.9064022786780725
NY_Z_D,Coal,2040,1.9194331204700046
NY_Z_D,Coal,2030,2.079622061120955
NY_Z_D,Coal,2020,2.308475321231181
NY_Z_D,Naturalgas,2050,3.43169821690781
NY_Z_D,Naturalgas,2040,3.1943740946659003
NY_Z_D,Naturalgas,2030,3.1072752232874516
NY_Z_D,Naturalgas,2020,2.6146401793027376
NY_Z_D,Distillate,2050,25.731388993221383
NY_Z_D,Distillate,2040,23.300927504586223
NY_Z_D,Distillate,2030,21.139772316815108
NY_Z_D,Distillate,2020,21.555114938530924
NY_Z_D,Uranium,2050,0.7002569774346096
NY_Z_D,Uranium,2040,0.6813037230351604
NY_Z_D,Uranium,2030,0.6643466582178466
NY_Z_D,Uranium,2020,0.6503810014198712
NY_Z_F,Coal,2050,1.9064022786780725
NY_Z_F,Coal,2040,1.9194331204700046
NY_Z_F,Coal,2030,2.079622061120955
NY_Z_F,Coal,2020,2.308475321231181
NY_Z_F,Naturalgas,2050,3.43169821690781
NY_Z_F,Naturalgas,2040,3.1943740946659003
NY_Z_F,Naturalgas,2030,3.1072752232874516
NY_Z_F,Naturalgas,2020,2.6146401793027376
NY_Z_F,Distillate,2050,25.731388993221383
NY_Z_F,Distillate,2040,23.300927504586223
NY_Z_F,Distillate,2030,21.139772316815108
NY_Z_F,Distillate,2020,21.555114938530924
NY_Z_F,Uranium,2050,0.7002569774346096
NY_Z_F,Uranium,2040,0.6813037230351604
NY_Z_F,Uranium,2030,0.6643466582178466
NY_Z_F,Uranium,2020,0.6503810014198712
NY_Z_G-I,Coal,2050,1.9064022786780725
NY_Z_G-I,Coal,2040,1.9194331204700046
NY_Z_G-I,Coal,2030,2.079622061120955
NY_Z_G-I,Coal,2020,2.308475321231181
NY_Z_G-I,Naturalgas,2050,3.43169821690781
NY_Z_G-I,Naturalgas,2040,3.1943740946659003
NY_Z_G-I,Naturalgas,2030,3.1072752232874516
NY_Z_G-I,Naturalgas,2020,2.6146401793027376
NY_Z_G-I,Distillate,2050,25.731388993221383
NY_Z_G-I,Distillate,2040,23.300927504586223
NY_Z_G-I,Distillate,2030,21.139772316815108
NY_Z_G-I,Distillate,2020,21.555114938530924
NY_Z_G-I,Uranium,2050,0.7002569774346096
NY_Z_G-I,Uranium,2040,0.6813037230351604
NY_Z_G-I,Uranium,2030,0.6643466582178466
NY_Z_G-I,Uranium,2020,0.6503810014198712
NY_Z_J,Coal,2050,1.9064022786780725
NY_Z_J,Coal,2040,1.9194331204700046
NY_Z_J,Coal,2030,2.079622061120955
NY_Z_J,Coal,2020,2.308475321231181
NY_Z_J,Naturalgas,2050,3.43169821690781
NY_Z_J,Naturalgas,2040,3.1943740946659003
NY_Z_J,Naturalgas,2030,3.1072752232874516
NY_Z_J,Naturalgas,2020,2.6146401793027376
NY_Z_J,Distillate,2050,25.731388993221383
NY_Z_J,Distillate,2040,23.300927504586223
NY_Z_J,Distillate,2030,21.139772316815108
NY_Z_J,Distillate,2020,21.555114938530924
NY_Z_J,Uranium,2050,0.7002569774346096
NY_Z_J,Uranium,2040,0.6813037230351604
NY_Z_J,Uranium,2030,0.6643466582178466
NY_Z_J,Uranium,2020,0.6503810014198712
NY_Z_K,Coal,2050,1.9064022786780725
NY_Z_K,Coal,2040,1.9194331204700046
NY_Z_K,Coal,2030,2.079622061120955
NY_Z_K,Coal,2020,2.308475321231181
NY_Z_K,Naturalgas,2050,3.43169821690781
NY_Z_K,Naturalgas,2040,3.1943740946659003
NY_Z_K,Naturalgas,2030,3.1072752232874516
NY_Z_K,Naturalgas,2020,2.6146401793027376
NY_Z_K,Distillate,2050,25.731388993221383
NY_Z_K,Distillate,2040,23.300927504586223
NY_Z_K,Distillate,2030,21.139772316815108
NY_Z_K,Distillate,2020,21.555114938530924
NY_Z_K,Uranium,2050,0.7002569774346096
NY_Z_K,Uranium,2040,0.6813037230351604
NY_Z_K,Uranium,2030,0.6643466582178466
NY_Z_K,Uranium,2020,0.6503810014198712
NENG_ME,Coal,2050,0.0
NENG_ME,Coal,2040,0.0
NENG_ME,Coal,2030,0.0
NENG_ME,Coal,2020,2.691454168045467
NENG_ME,Naturalgas,2050,4.220147080189473
NENG_ME,Naturalgas,2040,3.785623013334272
NENG_ME,Naturalgas,2030,3.4068819945473816
NENG_ME,Naturalgas,2020,3.8309303806271684
NENG_ME,Distillate,2050,22.059342647375193
NENG_ME,Distillate,2040,19.628881158740032
NENG_ME,Distillate,2030,17.46773651759975
NENG_ME,Distillate,2020,19.837501186980994
NENG_ME,Uranium,2050,0.7002569774346096
NENG_ME,Uranium,2040,0.6813037230351604
NENG_ME,Uranium,2030,0.6643466582178466
NENG_ME,Uranium,2020,0.6503810014198712
NENGREST,Coal,2050,0.0
NENGREST,Coal,2040,0.0
NENGREST,Coal,2030,0.0
NENGREST,Coal,2020,2.691454168045467
NENGREST,Naturalgas,2050,4.220147080189473
NENGREST,Naturalgas,2040,3.785623013334272
NENGREST,Naturalgas,2030,3.4068819945473816
NENGREST,Naturalgas,2020,3.8309303806271684
NENGREST,Distillate,2050,22.059342647375193
NENGREST,Distillate,2040,19.628881158740032
NENGREST,Distillate,2030,17.46773651759975
NENGREST,Distillate,2020,19.837501186980994
NENGREST,Uranium,2050,0.7002569774346096
NENGREST,Uranium,2040,0.6813037230351604
NENGREST,Uranium,2030,0.6643466582178466
NENGREST,Uranium,2020,0.6503810014198712
NENG_CT,Coal,2050,0.0
NENG_CT,Coal,2040,0.0
NENG_CT,Coal,2030,0.0
NENG_CT,Coal,2020,2.691454168045467
NENG_CT,Naturalgas,2050,4.220147080189473
NENG_CT,Naturalgas,2040,3.785623013334272
NENG_CT,Naturalgas,2030,3.4068819945473816
NENG_CT,Naturalgas,2020,3.8309303806271684
NENG_CT,Distillate,2050,22.059342647375193
NENG_CT,Distillate,2040,19.628881158740032
NENG_CT,Distillate,2030,17.46773651759975
NENG_CT,Distillate,2020,19.837501186980994
NENG_CT,Uranium,2050,0.7002569774346096
NENG_CT,Uranium,2040,0.6813037230351604
NENG_CT,Uranium,2030,0.6643466582178466
NENG_CT,Uranium,2020,0.6503810014198712
