timepoint_id,tp_to_hts
1,2020_M1
2,2020_M1
3,2020_M2
4,2020_M2
5,2020_M3
6,2020_M3
7,2020_M4
8,2020_M4
9,2020_M5
10,2020_M5
11,2020_M6
12,2020_M6
13,2020_M7
14,2020_M7
15,2020_M8
16,2020_M8
17,2020_M9
18,2020_M9
19,2020_M10
20,2020_M10
21,2020_M11
22,2020_M11
23,2020_M12
24,2020_M12
25,2030_M1
26,2030_M1
27,2030_M2
28,2030_M2
29,2030_M3
30,2030_M3
31,2030_M4
32,2030_M4
33,2030_M5
34,2030_M5
35,2030_M6
36,2030_M6
37,2030_M7
38,2030_M7
39,2030_M8
40,2030_M8
41,2030_M9
42,2030_M9
43,2030_M10
44,2030_M10
45,2030_M11
46,2030_M11
47,2030_M12
48,2030_M12
49,2040_M1
50,2040_M1
51,2040_M2
52,2040_M2
53,2040_M3
54,2040_M3
55,2040_M4
56,2040_M4
57,2040_M5
58,2040_M5
59,2040_M6
60,2040_M6
61,2040_M7
62,2040_M7
63,2040_M8
64,2040_M8
65,2040_M9
66,2040_M9
67,2040_M10
68,2040_M10
69,2040_M11
70,2040_M11
71,2040_M12
72,2040_M12
73,2050_M1
74,2050_M1
75,2050_M2
76,2050_M2
77,2050_M3
78,2050_M3
79,2050_M4
80,2050_M4
81,2050_M5
82,2050_M5
83,2050_M6
84,2050_M6
85,2050_M7
86,2050_M7
87,2050_M8
88,2050_M8
89,2050_M9
90,2050_M9
91,2050_M10
92,2050_M10
93,2050_M11
94,2050_M11
95,2050_M12
96,2050_M12
97,2020_M1
98,2020_M1
99,2020_M2
100,2020_M2
101,2020_M3
102,2020_M3
103,2020_M4
104,2020_M4
105,2020_M5
106,2020_M5
107,2020_M6
108,2020_M6
109,2020_M7
110,2020_M7
111,2020_M8
112,2020_M8
113,2020_M9
114,2020_M9
115,2020_M10
116,2020_M10
117,2020_M11
118,2020_M11
119,2020_M12
120,2020_M12
121,2030_M1
122,2030_M1
123,2030_M2
124,2030_M2
125,2030_M3
126,2030_M3
127,2030_M4
128,2030_M4
129,2030_M5
130,2030_M5
131,2030_M6
132,2030_M6
133,2030_M7
134,2030_M7
135,2030_M8
136,2030_M8
137,2030_M9
138,2030_M9
139,2030_M10
140,2030_M10
141,2030_M11
142,2030_M11
143,2030_M12
144,2030_M12
145,2040_M1
146,2040_M1
147,2040_M2
148,2040_M2
149,2040_M3
150,2040_M3
151,2040_M4
152,2040_M4
153,2040_M5
154,2040_M5
155,2040_M6
156,2040_M6
157,2040_M7
158,2040_M7
159,2040_M8
160,2040_M8
161,2040_M9
162,2040_M9
163,2040_M10
164,2040_M10
165,2040_M11
166,2040_M11
167,2040_M12
168,2040_M12
169,2050_M1
170,2050_M1
171,2050_M2
172,2050_M2
173,2050_M3
174,2050_M3
175,2050_M4
176,2050_M4
177,2050_M5
178,2050_M5
179,2050_M6
180,2050_M6
181,2050_M7
182,2050_M7
183,2050_M8
184,2050_M8
185,2050_M9
186,2050_M9
187,2050_M10
188,2050_M10
189,2050_M11
190,2050_M11
191,2050_M12
192,2050_M12
193,2020_M1
194,2020_M1
195,2020_M2
196,2020_M2
197,2020_M3
198,2020_M3
199,2020_M4
200,2020_M4
201,2020_M5
202,2020_M5
203,2020_M6
204,2020_M6
205,2020_M7
206,2020_M7
207,2020_M8
208,2020_M8
209,2020_M9
210,2020_M9
211,2020_M10
212,2020_M10
213,2020_M11
214,2020_M11
215,2020_M12
216,2020_M12
217,2030_M1
218,2030_M1
219,2030_M2
220,2030_M2
221,2030_M3
222,2030_M3
223,2030_M4
224,2030_M4
225,2030_M5
226,2030_M5
227,2030_M6
228,2030_M6
229,2030_M7
230,2030_M7
231,2030_M8
232,2030_M8
233,2030_M9
234,2030_M9
235,2030_M10
236,2030_M10
237,2030_M11
238,2030_M11
239,2030_M12
240,2030_M12
241,2040_M1
242,2040_M1
243,2040_M2
244,2040_M2
245,2040_M3
246,2040_M3
247,2040_M4
248,2040_M4
249,2040_M5
250,2040_M5
251,2040_M6
252,2040_M6
253,2040_M7
254,2040_M7
255,2040_M8
256,2040_M8
257,2040_M9
258,2040_M9
259,2040_M10
260,2040_M10
261,2040_M11
262,2040_M11
263,2040_M12
264,2040_M12
265,2050_M1
266,2050_M1
267,2050_M2
268,2050_M2
269,2050_M3
270,2050_M3
271,2050_M4
272,2050_M4
273,2050_M5
274,2050_M5
275,2050_M6
276,2050_M6
277,2050_M7
278,2050_M7
279,2050_M8
280,2050_M8
281,2050_M9
282,2050_M9
283,2050_M10
284,2050_M10
285,2050_M11
286,2050_M11
287,2050_M12
288,2050_M12
289,2020_M1
290,2020_M1
291,2020_M2
292,2020_M2
293,2020_M3
294,2020_M3
295,2020_M4
296,2020_M4
297,2020_M5
298,2020_M5
299,2020_M6
300,2020_M6
301,2020_M7
302,2020_M7
303,2020_M8
304,2020_M8
305,2020_M9
306,2020_M9
307,2020_M10
308,2020_M10
309,2020_M11
310,2020_M11
311,2020_M12
312,2020_M12
313,2030_M1
314,2030_M1
315,2030_M2
316,2030_M2
317,2030_M3
318,2030_M3
319,2030_M4
320,2030_M4
321,2030_M5
322,2030_M5
323,2030_M6
324,2030_M6
325,2030_M7
326,2030_M7
327,2030_M8
328,2030_M8
329,2030_M9
330,2030_M9
331,2030_M10
332,2030_M10
333,2030_M11
334,2030_M11
335,2030_M12
336,2030_M12
337,2040_M1
338,2040_M1
339,2040_M2
340,2040_M2
341,2040_M3
342,2040_M3
343,2040_M4
344,2040_M4
345,2040_M5
346,2040_M5
347,2040_M6
348,2040_M6
349,2040_M7
350,2040_M7
351,2040_M8
352,2040_M8
353,2040_M9
354,2040_M9
355,2040_M10
356,2040_M10
357,2040_M11
358,2040_M11
359,2040_M12
360,2040_M12
361,2050_M1
362,2050_M1
363,2050_M2
364,2050_M2
365,2050_M3
366,2050_M3
367,2050_M4
368,2050_M4
369,2050_M5
370,2050_M5
371,2050_M6
372,2050_M6
373,2050_M7
374,2050_M7
375,2050_M8
376,2050_M8
377,2050_M9
378,2050_M9
379,2050_M10
380,2050_M10
381,2050_M11
382,2050_M11
383,2050_M12
384,2050_M12
385,2020_M1
386,2020_M1
387,2020_M2
388,2020_M2
389,2020_M3
390,2020_M3
391,2020_M4
392,2020_M4
393,2020_M5
394,2020_M5
395,2020_M6
396,2020_M6
397,2020_M7
398,2020_M7
399,2020_M8
400,2020_M8
401,2020_M9
402,2020_M9
403,2020_M10
404,2020_M10
405,2020_M11
406,2020_M11
407,2020_M12
408,2020_M12
409,2030_M1
410,2030_M1
411,2030_M2
412,2030_M2
413,2030_M3
414,2030_M3
415,2030_M4
416,2030_M4
417,2030_M5
418,2030_M5
419,2030_M6
420,2030_M6
421,2030_M7
422,2030_M7
423,2030_M8
424,2030_M8
425,2030_M9
426,2030_M9
427,2030_M10
428,2030_M10
429,2030_M11
430,2030_M11
431,2030_M12
432,2030_M12
433,2040_M1
434,2040_M1
435,2040_M2
436,2040_M2
437,2040_M3
438,2040_M3
439,2040_M4
440,2040_M4
441,2040_M5
442,2040_M5
443,2040_M6
444,2040_M6
445,2040_M7
446,2040_M7
447,2040_M8
448,2040_M8
449,2040_M9
450,2040_M9
451,2040_M10
452,2040_M10
453,2040_M11
454,2040_M11
455,2040_M12
456,2040_M12
457,2050_M1
458,2050_M1
459,2050_M2
460,2050_M2
461,2050_M3
462,2050_M3
463,2050_M4
464,2050_M4
465,2050_M5
466,2050_M5
467,2050_M6
468,2050_M6
469,2050_M7
470,2050_M7
471,2050_M8
472,2050_M8
473,2050_M9
474,2050_M9
475,2050_M10
476,2050_M10
477,2050_M11
478,2050_M11
479,2050_M12
480,2050_M12
481,2020_M1
482,2020_M1
483,2020_M2
484,2020_M2
485,2020_M3
486,2020_M3
487,2020_M4
488,2020_M4
489,2020_M5
490,2020_M5
491,2020_M6
492,2020_M6
493,2020_M7
494,2020_M7
495,2020_M8
496,2020_M8
497,2020_M9
498,2020_M9
499,2020_M10
500,2020_M10
501,2020_M11
502,2020_M11
503,2020_M12
504,2020_M12
505,2030_M1
506,2030_M1
507,2030_M2
508,2030_M2
509,2030_M3
510,2030_M3
511,2030_M4
512,2030_M4
513,2030_M5
514,2030_M5
515,2030_M6
516,2030_M6
517,2030_M7
518,2030_M7
519,2030_M8
520,2030_M8
521,2030_M9
522,2030_M9
523,2030_M10
524,2030_M10
525,2030_M11
526,2030_M11
527,2030_M12
528,2030_M12
529,2040_M1
530,2040_M1
531,2040_M2
532,2040_M2
533,2040_M3
534,2040_M3
535,2040_M4
536,2040_M4
537,2040_M5
538,2040_M5
539,2040_M6
540,2040_M6
541,2040_M7
542,2040_M7
543,2040_M8
544,2040_M8
545,2040_M9
546,2040_M9
547,2040_M10
548,2040_M10
549,2040_M11
550,2040_M11
551,2040_M12
552,2040_M12
553,2050_M1
554,2050_M1
555,2050_M2
556,2050_M2
557,2050_M3
558,2050_M3
559,2050_M4
560,2050_M4
561,2050_M5
562,2050_M5
563,2050_M6
564,2050_M6
565,2050_M7
566,2050_M7
567,2050_M8
568,2050_M8
569,2050_M9
570,2050_M9
571,2050_M10
572,2050_M10
573,2050_M11
574,2050_M11
575,2050_M12
576,2050_M12
