GENERATION_PROJECT,build_year,gen_overnight_cost,gen_fixed_om,gen_storage_energy_overnight_cost,gen_storage_energy_fixed_om
ERCOT_conventional_hydroelectric_1,1927,0.0,0.0,.,
ERCOT_conventional_hydroelectric_1,1931,0.0,0.0,.,
ERCOT_conventional_hydroelectric_1,1932,0.0,0.0,.,
ERCOT_conventional_hydroelectric_1,1938,0.0,0.0,.,
ERCOT_conventional_hydroelectric_1,1940,0.0,0.0,.,
ERCOT_conventional_hydroelectric_1,1941,0.0,0.0,.,
ERCOT_conventional_hydroelectric_1,1945,0.0,0.0,.,
ERCOT_conventional_hydroelectric_1,1949,0.0,0.0,.,
ERCOT_conventional_hydroelectric_1,1950,0.0,0.0,.,
ERCOT_conventional_hydroelectric_1,1951,0.0,0.0,.,
ERCOT_conventional_hydroelectric_1,1953,0.0,0.0,.,
ERCOT_conventional_hydroelectric_1,1954,0.0,0.0,.,
ERCOT_conventional_hydroelectric_1,1983,0.0,0.0,.,
ERCOT_conventional_hydroelectric_1,1989,0.0,0.0,.,
ERCOT_conventional_hydroelectric_1,1992,0.0,0.0,.,
ERCOT_conventional_hydroelectric_1,2015,0.0,0.0,.,
ERCOT_conventional_steam_coal_1,1977,0.0,0.0,.,
ERCOT_conventional_steam_coal_1,1978,0.0,0.0,.,
ERCOT_conventional_steam_coal_1,1979,0.0,0.0,.,
ERCOT_conventional_steam_coal_1,1980,0.0,0.0,.,
ERCOT_conventional_steam_coal_1,1982,0.0,0.0,.,
ERCOT_conventional_steam_coal_1,1988,0.0,0.0,.,
ERCOT_conventional_steam_coal_1,1990,0.0,0.0,.,
ERCOT_conventional_steam_coal_1,1991,0.0,0.0,.,
ERCOT_conventional_steam_coal_1,1992,0.0,0.0,.,
ERCOT_conventional_steam_coal_1,2010,0.0,0.0,.,
ERCOT_conventional_steam_coal_1,2011,0.0,0.0,.,
ERCOT_conventional_steam_coal_1,2013,0.0,0.0,.,
ERCOT_landbasedwind_class3_moderate_1,2040,843075.1408201476,37343.0,.,0.0
ERCOT_landbasedwind_class3_moderate_2,2040,843075.1408201476,37343.0,.,0.0
ERCOT_landbasedwind_class3_moderate_3,2040,843075.1408201476,37343.0,.,0.0
ERCOT_landbasedwind_class3_moderate_4,2040,843075.1408201476,37343.0,.,0.0
ERCOT_landbasedwind_class3_moderate_5,2040,843075.1408201476,37343.0,.,0.0
ERCOT_landbasedwind_class3_moderate_6,2040,843075.1408201476,37343.0,.,0.0
ERCOT_natural_gas_fired_combined_cycle_1,1951,0.0,0.0,.,
ERCOT_natural_gas_fired_combined_cycle_1,1959,0.0,0.0,.,
ERCOT_natural_gas_fired_combined_cycle_1,1963,0.0,0.0,.,
ERCOT_natural_gas_fired_combined_cycle_1,1972,0.0,0.0,.,
ERCOT_natural_gas_fired_combined_cycle_1,1976,0.0,0.0,.,
ERCOT_natural_gas_fired_combined_cycle_1,1979,0.0,0.0,.,
ERCOT_natural_gas_fired_combined_cycle_1,1982,0.0,0.0,.,
ERCOT_natural_gas_fired_combined_cycle_1,1983,0.0,0.0,.,
ERCOT_natural_gas_fired_combined_cycle_1,1984,0.0,0.0,.,
ERCOT_natural_gas_fired_combined_cycle_1,1985,0.0,0.0,.,
ERCOT_natural_gas_fired_combined_cycle_1,1986,0.0,0.0,.,
ERCOT_natural_gas_fired_combined_cycle_1,1987,0.0,0.0,.,
ERCOT_natural_gas_fired_combined_cycle_1,1988,0.0,0.0,.,
ERCOT_natural_gas_fired_combined_cycle_1,1989,0.0,0.0,.,
ERCOT_natural_gas_fired_combined_cycle_1,1993,0.0,0.0,.,
ERCOT_natural_gas_fired_combined_cycle_1,1994,0.0,0.0,.,
ERCOT_natural_gas_fired_combined_cycle_1,1995,0.0,0.0,.,
ERCOT_natural_gas_fired_combined_cycle_1,1996,0.0,0.0,.,
ERCOT_natural_gas_fired_combined_cycle_1,1998,0.0,0.0,.,
ERCOT_natural_gas_fired_combined_cycle_1,1999,0.0,0.0,.,
ERCOT_natural_gas_fired_combined_cycle_1,2000,0.0,0.0,.,
ERCOT_natural_gas_fired_combined_cycle_1,2001,0.0,0.0,.,
ERCOT_natural_gas_fired_combined_cycle_1,2002,0.0,0.0,.,
ERCOT_natural_gas_fired_combined_cycle_1,2003,0.0,0.0,.,
ERCOT_natural_gas_fired_combined_cycle_1,2004,0.0,0.0,.,
ERCOT_natural_gas_fired_combined_cycle_1,2005,0.0,0.0,.,
ERCOT_natural_gas_fired_combined_cycle_1,2006,0.0,0.0,.,
ERCOT_natural_gas_fired_combined_cycle_1,2007,0.0,0.0,.,
ERCOT_natural_gas_fired_combined_cycle_1,2008,0.0,0.0,.,
ERCOT_natural_gas_fired_combined_cycle_1,2009,0.0,0.0,.,
ERCOT_natural_gas_fired_combined_cycle_1,2010,0.0,0.0,.,
ERCOT_natural_gas_fired_combined_cycle_1,2011,0.0,0.0,.,
ERCOT_natural_gas_fired_combined_cycle_1,2014,0.0,0.0,.,
ERCOT_natural_gas_fired_combined_cycle_1,2015,0.0,0.0,.,
ERCOT_natural_gas_fired_combined_cycle_1,2017,0.0,0.0,.,
ERCOT_natural_gas_fired_combined_cycle_1,2023,0.0,0.0,.,
ERCOT_natural_gas_fired_combined_cycle_1,2025,0.0,0.0,.,
ERCOT_natural_gas_fired_combustion_turbine_1,1967,0.0,0.0,.,
ERCOT_natural_gas_fired_combustion_turbine_1,1969,0.0,0.0,.,
ERCOT_natural_gas_fired_combustion_turbine_1,1975,0.0,0.0,.,
ERCOT_natural_gas_fired_combustion_turbine_1,1977,0.0,0.0,.,
ERCOT_natural_gas_fired_combustion_turbine_1,1978,0.0,0.0,.,
ERCOT_natural_gas_fired_combustion_turbine_1,1984,0.0,0.0,.,
ERCOT_natural_gas_fired_combustion_turbine_1,1985,0.0,0.0,.,
ERCOT_natural_gas_fired_combustion_turbine_1,1986,0.0,0.0,.,
ERCOT_natural_gas_fired_combustion_turbine_1,1987,0.0,0.0,.,
ERCOT_natural_gas_fired_combustion_turbine_1,1988,0.0,0.0,.,
ERCOT_natural_gas_fired_combustion_turbine_1,1989,0.0,0.0,.,
ERCOT_natural_gas_fired_combustion_turbine_1,1990,0.0,0.0,.,
ERCOT_natural_gas_fired_combustion_turbine_1,1991,0.0,0.0,.,
ERCOT_natural_gas_fired_combustion_turbine_1,1994,0.0,0.0,.,
ERCOT_natural_gas_fired_combustion_turbine_1,1995,0.0,0.0,.,
ERCOT_natural_gas_fired_combustion_turbine_1,1996,0.0,0.0,.,
ERCOT_natural_gas_fired_combustion_turbine_1,1997,0.0,0.0,.,
ERCOT_natural_gas_fired_combustion_turbine_1,1999,0.0,0.0,.,
ERCOT_natural_gas_fired_combustion_turbine_1,2000,0.0,0.0,.,
ERCOT_natural_gas_fired_combustion_turbine_1,2001,0.0,0.0,.,
ERCOT_natural_gas_fired_combustion_turbine_1,2004,0.0,0.0,.,
ERCOT_natural_gas_fired_combustion_turbine_1,2006,0.0,0.0,.,
ERCOT_natural_gas_fired_combustion_turbine_1,2008,0.0,0.0,.,
ERCOT_natural_gas_fired_combustion_turbine_1,2009,0.0,0.0,.,
ERCOT_natural_gas_fired_combustion_turbine_1,2010,0.0,0.0,.,
ERCOT_natural_gas_fired_combustion_turbine_1,2013,0.0,0.0,.,
ERCOT_natural_gas_fired_combustion_turbine_1,2014,0.0,0.0,.,
ERCOT_natural_gas_fired_combustion_turbine_1,2015,0.0,0.0,.,
ERCOT_natural_gas_fired_combustion_turbine_1,2016,0.0,0.0,.,
ERCOT_natural_gas_fired_combustion_turbine_1,2017,0.0,0.0,.,
ERCOT_natural_gas_fired_combustion_turbine_1,2018,0.0,0.0,.,
ERCOT_natural_gas_fired_combustion_turbine_1,2019,0.0,0.0,.,
ERCOT_natural_gas_fired_combustion_turbine_1,2021,0.0,0.0,.,
ERCOT_natural_gas_fired_combustion_turbine_1,2022,0.0,0.0,.,
ERCOT_natural_gas_fired_combustion_turbine_1,2023,0.0,0.0,.,
ERCOT_natural_gas_fired_combustion_turbine_1,2025,0.0,0.0,.,
ERCOT_natural_gas_steam_turbine_1,1956,0.0,0.0,.,
ERCOT_natural_gas_steam_turbine_1,1958,0.0,0.0,.,
ERCOT_natural_gas_steam_turbine_1,1960,0.0,0.0,.,
ERCOT_natural_gas_steam_turbine_1,1963,0.0,0.0,.,
ERCOT_natural_gas_steam_turbine_1,1964,0.0,0.0,.,
ERCOT_natural_gas_steam_turbine_1,1965,0.0,0.0,.,
ERCOT_natural_gas_steam_turbine_1,1966,0.0,0.0,.,
ERCOT_natural_gas_steam_turbine_1,1967,0.0,0.0,.,
ERCOT_natural_gas_steam_turbine_1,1968,0.0,0.0,.,
ERCOT_natural_gas_steam_turbine_1,1969,0.0,0.0,.,
ERCOT_natural_gas_steam_turbine_1,1970,0.0,0.0,.,
ERCOT_natural_gas_steam_turbine_1,1971,0.0,0.0,.,
ERCOT_natural_gas_steam_turbine_1,1972,0.0,0.0,.,
ERCOT_natural_gas_steam_turbine_1,1973,0.0,0.0,.,
ERCOT_natural_gas_steam_turbine_1,1974,0.0,0.0,.,
ERCOT_natural_gas_steam_turbine_1,1975,0.0,0.0,.,
ERCOT_natural_gas_steam_turbine_1,1976,0.0,0.0,.,
ERCOT_natural_gas_steam_turbine_1,1977,0.0,0.0,.,
ERCOT_natural_gas_steam_turbine_1,1978,0.0,0.0,.,
ERCOT_natural_gas_steam_turbine_1,1987,0.0,0.0,.,
ERCOT_natural_gas_steam_turbine_1,1988,0.0,0.0,.,
ERCOT_natural_gas_steam_turbine_1,1993,0.0,0.0,.,
ERCOT_natural_gas_steam_turbine_1,2000,0.0,0.0,.,
ERCOT_natural_gas_steam_turbine_1,2012,0.0,0.0,.,
ERCOT_naturalgas_ccavgcf_moderate_0,2040,790912.8175333381,28000.0,.,0.0
ERCOT_naturalgas_ccccsavgcf_conservative_0,2040,2030431.8925240198,67000.0,.,0.0
ERCOT_naturalgas_ctavgcf_moderate_0,2040,667048.923009054,21000.0,.,0.0
ERCOT_nuclear_1,1988,0.0,0.0,.,
ERCOT_nuclear_1,1989,0.0,0.0,.,
ERCOT_nuclear_1,1990,0.0,0.0,.,
ERCOT_nuclear_1,1993,0.0,0.0,.,
ERCOT_nuclear_nuclear_moderate_0,2040,6331834.689241055,145960.0,.,0.0
ERCOT_onshore_wind_turbine_1,1998,0.0,0.0,.,
ERCOT_onshore_wind_turbine_1,2001,0.0,0.0,.,
ERCOT_onshore_wind_turbine_1,2002,0.0,0.0,.,
ERCOT_onshore_wind_turbine_1,2003,0.0,0.0,.,
ERCOT_onshore_wind_turbine_1,2005,0.0,0.0,.,
ERCOT_onshore_wind_turbine_1,2006,0.0,0.0,.,
ERCOT_onshore_wind_turbine_1,2007,0.0,0.0,.,
ERCOT_onshore_wind_turbine_1,2008,0.0,0.0,.,
ERCOT_onshore_wind_turbine_1,2009,0.0,0.0,.,
ERCOT_onshore_wind_turbine_1,2010,0.0,0.0,.,
ERCOT_onshore_wind_turbine_1,2011,0.0,0.0,.,
ERCOT_onshore_wind_turbine_1,2012,0.0,0.0,.,
ERCOT_onshore_wind_turbine_1,2013,0.0,0.0,.,
ERCOT_onshore_wind_turbine_1,2014,0.0,0.0,.,
ERCOT_onshore_wind_turbine_1,2015,0.0,0.0,.,
ERCOT_onshore_wind_turbine_1,2016,0.0,0.0,.,
ERCOT_onshore_wind_turbine_1,2017,0.0,0.0,.,
ERCOT_onshore_wind_turbine_1,2018,0.0,0.0,.,
ERCOT_onshore_wind_turbine_1,2019,0.0,0.0,.,
ERCOT_onshore_wind_turbine_1,2021,0.0,0.0,.,
ERCOT_onshore_wind_turbine_1,2022,0.0,0.0,.,
ERCOT_onshore_wind_turbine_1,2023,0.0,0.0,.,
ERCOT_onshore_wind_turbine_1,2024,0.0,0.0,.,
ERCOT_solar_photovoltaic_1,2010,0.0,0.0,.,
ERCOT_solar_photovoltaic_1,2011,0.0,0.0,.,
ERCOT_solar_photovoltaic_1,2012,0.0,0.0,.,
ERCOT_solar_photovoltaic_1,2013,0.0,0.0,.,
ERCOT_solar_photovoltaic_1,2014,0.0,0.0,.,
ERCOT_solar_photovoltaic_1,2015,0.0,0.0,.,
ERCOT_solar_photovoltaic_1,2016,0.0,0.0,.,
ERCOT_solar_photovoltaic_1,2017,0.0,0.0,.,
ERCOT_solar_photovoltaic_1,2018,0.0,0.0,.,
ERCOT_solar_photovoltaic_1,2019,0.0,0.0,.,
ERCOT_solar_photovoltaic_1,2021,0.0,0.0,.,
ERCOT_solar_photovoltaic_1,2022,0.0,0.0,.,
ERCOT_solar_photovoltaic_1,2023,0.0,0.0,.,
ERCOT_solar_photovoltaic_1,2024,0.0,0.0,.,
ERCOT_utilitypv_class1_moderate_1,2040,694785.380177516,14671.0,.,0.0
ERCOT_utilitypv_class1_moderate_2,2040,694785.380177516,14671.0,.,0.0
ERCOT_utilitypv_class1_moderate_3,2040,694785.380177516,14671.0,.,0.0
ERCOT_utilitypv_class1_moderate_4,2040,694785.380177516,14671.0,.,0.0
ERCOT_utilitypv_class1_moderate_5,2040,694785.380177516,14671.0,.,0.0
ERCOT_utilitypv_class1_moderate_6,2040,694785.380177516,14671.0,.,0.0
Eastern_conventional_hydroelectric_1,1891,0.0,0.0,.,
Eastern_conventional_hydroelectric_1,1893,0.0,0.0,.,
Eastern_conventional_hydroelectric_1,1896,0.0,0.0,.,
Eastern_conventional_hydroelectric_1,1900,0.0,0.0,.,
Eastern_conventional_hydroelectric_1,1901,0.0,0.0,.,
Eastern_conventional_hydroelectric_1,1902,0.0,0.0,.,
Eastern_conventional_hydroelectric_1,1903,0.0,0.0,.,
Eastern_conventional_hydroelectric_1,1904,0.0,0.0,.,
Eastern_conventional_hydroelectric_1,1905,0.0,0.0,.,
Eastern_conventional_hydroelectric_1,1906,0.0,0.0,.,
Eastern_conventional_hydroelectric_1,1907,0.0,0.0,.,
Eastern_conventional_hydroelectric_1,1908,0.0,0.0,.,
Eastern_conventional_hydroelectric_1,1909,0.0,0.0,.,
Eastern_conventional_hydroelectric_1,1910,0.0,0.0,.,
Eastern_conventional_hydroelectric_1,1911,0.0,0.0,.,
Eastern_conventional_hydroelectric_1,1912,0.0,0.0,.,
Eastern_conventional_hydroelectric_1,1913,0.0,0.0,.,
Eastern_conventional_hydroelectric_1,1914,0.0,0.0,.,
Eastern_conventional_hydroelectric_1,1915,0.0,0.0,.,
Eastern_conventional_hydroelectric_1,1916,0.0,0.0,.,
Eastern_conventional_hydroelectric_1,1917,0.0,0.0,.,
Eastern_conventional_hydroelectric_1,1918,0.0,0.0,.,
Eastern_conventional_hydroelectric_1,1919,0.0,0.0,.,
Eastern_conventional_hydroelectric_1,1920,0.0,0.0,.,
Eastern_conventional_hydroelectric_1,1921,0.0,0.0,.,
Eastern_conventional_hydroelectric_1,1922,0.0,0.0,.,
Eastern_conventional_hydroelectric_1,1923,0.0,0.0,.,
Eastern_conventional_hydroelectric_1,1924,0.0,0.0,.,
Eastern_conventional_hydroelectric_1,1925,0.0,0.0,.,
Eastern_conventional_hydroelectric_1,1926,0.0,0.0,.,
Eastern_conventional_hydroelectric_1,1927,0.0,0.0,.,
Eastern_conventional_hydroelectric_1,1928,0.0,0.0,.,
Eastern_conventional_hydroelectric_1,1929,0.0,0.0,.,
Eastern_conventional_hydroelectric_1,1930,0.0,0.0,.,
Eastern_conventional_hydroelectric_1,1931,0.0,0.0,.,
Eastern_conventional_hydroelectric_1,1932,0.0,0.0,.,
Eastern_conventional_hydroelectric_1,1933,0.0,0.0,.,
Eastern_conventional_hydroelectric_1,1934,0.0,0.0,.,
Eastern_conventional_hydroelectric_1,1935,0.0,0.0,.,
Eastern_conventional_hydroelectric_1,1936,0.0,0.0,.,
Eastern_conventional_hydroelectric_1,1937,0.0,0.0,.,
Eastern_conventional_hydroelectric_1,1938,0.0,0.0,.,
Eastern_conventional_hydroelectric_1,1939,0.0,0.0,.,
Eastern_conventional_hydroelectric_1,1940,0.0,0.0,.,
Eastern_conventional_hydroelectric_1,1941,0.0,0.0,.,
Eastern_conventional_hydroelectric_1,1942,0.0,0.0,.,
Eastern_conventional_hydroelectric_1,1943,0.0,0.0,.,
Eastern_conventional_hydroelectric_1,1944,0.0,0.0,.,
Eastern_conventional_hydroelectric_1,1945,0.0,0.0,.,
Eastern_conventional_hydroelectric_1,1946,0.0,0.0,.,
Eastern_conventional_hydroelectric_1,1947,0.0,0.0,.,
Eastern_conventional_hydroelectric_1,1948,0.0,0.0,.,
Eastern_conventional_hydroelectric_1,1949,0.0,0.0,.,
Eastern_conventional_hydroelectric_1,1950,0.0,0.0,.,
Eastern_conventional_hydroelectric_1,1951,0.0,0.0,.,
Eastern_conventional_hydroelectric_1,1952,0.0,0.0,.,
Eastern_conventional_hydroelectric_1,1953,0.0,0.0,.,
Eastern_conventional_hydroelectric_1,1954,0.0,0.0,.,
Eastern_conventional_hydroelectric_1,1955,0.0,0.0,.,
Eastern_conventional_hydroelectric_1,1956,0.0,0.0,.,
Eastern_conventional_hydroelectric_1,1957,0.0,0.0,.,
Eastern_conventional_hydroelectric_1,1958,0.0,0.0,.,
Eastern_conventional_hydroelectric_1,1959,0.0,0.0,.,
Eastern_conventional_hydroelectric_1,1960,0.0,0.0,.,
Eastern_conventional_hydroelectric_1,1961,0.0,0.0,.,
Eastern_conventional_hydroelectric_1,1962,0.0,0.0,.,
Eastern_conventional_hydroelectric_1,1963,0.0,0.0,.,
Eastern_conventional_hydroelectric_1,1964,0.0,0.0,.,
Eastern_conventional_hydroelectric_1,1965,0.0,0.0,.,
Eastern_conventional_hydroelectric_1,1966,0.0,0.0,.,
Eastern_conventional_hydroelectric_1,1967,0.0,0.0,.,
Eastern_conventional_hydroelectric_1,1968,0.0,0.0,.,
Eastern_conventional_hydroelectric_1,1969,0.0,0.0,.,
Eastern_conventional_hydroelectric_1,1970,0.0,0.0,.,
Eastern_conventional_hydroelectric_1,1971,0.0,0.0,.,
Eastern_conventional_hydroelectric_1,1972,0.0,0.0,.,
Eastern_conventional_hydroelectric_1,1973,0.0,0.0,.,
Eastern_conventional_hydroelectric_1,1974,0.0,0.0,.,
Eastern_conventional_hydroelectric_1,1975,0.0,0.0,.,
Eastern_conventional_hydroelectric_1,1977,0.0,0.0,.,
Eastern_conventional_hydroelectric_1,1978,0.0,0.0,.,
Eastern_conventional_hydroelectric_1,1979,0.0,0.0,.,
Eastern_conventional_hydroelectric_1,1980,0.0,0.0,.,
Eastern_conventional_hydroelectric_1,1981,0.0,0.0,.,
Eastern_conventional_hydroelectric_1,1982,0.0,0.0,.,
Eastern_conventional_hydroelectric_1,1983,0.0,0.0,.,
Eastern_conventional_hydroelectric_1,1984,0.0,0.0,.,
Eastern_conventional_hydroelectric_1,1985,0.0,0.0,.,
Eastern_conventional_hydroelectric_1,1986,0.0,0.0,.,
Eastern_conventional_hydroelectric_1,1987,0.0,0.0,.,
Eastern_conventional_hydroelectric_1,1988,0.0,0.0,.,
Eastern_conventional_hydroelectric_1,1989,0.0,0.0,.,
Eastern_conventional_hydroelectric_1,1990,0.0,0.0,.,
Eastern_conventional_hydroelectric_1,1991,0.0,0.0,.,
Eastern_conventional_hydroelectric_1,1992,0.0,0.0,.,
Eastern_conventional_hydroelectric_1,1993,0.0,0.0,.,
Eastern_conventional_hydroelectric_1,1994,0.0,0.0,.,
Eastern_conventional_hydroelectric_1,1995,0.0,0.0,.,
Eastern_conventional_hydroelectric_1,1996,0.0,0.0,.,
Eastern_conventional_hydroelectric_1,1997,0.0,0.0,.,
Eastern_conventional_hydroelectric_1,1999,0.0,0.0,.,
Eastern_conventional_hydroelectric_1,2000,0.0,0.0,.,
Eastern_conventional_hydroelectric_1,2001,0.0,0.0,.,
Eastern_conventional_hydroelectric_1,2002,0.0,0.0,.,
Eastern_conventional_hydroelectric_1,2003,0.0,0.0,.,
Eastern_conventional_hydroelectric_1,2004,0.0,0.0,.,
Eastern_conventional_hydroelectric_1,2005,0.0,0.0,.,
Eastern_conventional_hydroelectric_1,2006,0.0,0.0,.,
Eastern_conventional_hydroelectric_1,2007,0.0,0.0,.,
Eastern_conventional_hydroelectric_1,2008,0.0,0.0,.,
Eastern_conventional_hydroelectric_1,2009,0.0,0.0,.,
Eastern_conventional_hydroelectric_1,2011,0.0,0.0,.,
Eastern_conventional_hydroelectric_1,2012,0.0,0.0,.,
Eastern_conventional_hydroelectric_1,2013,0.0,0.0,.,
Eastern_conventional_hydroelectric_1,2014,0.0,0.0,.,
Eastern_conventional_hydroelectric_1,2016,0.0,0.0,.,
Eastern_conventional_hydroelectric_1,2017,0.0,0.0,.,
Eastern_conventional_hydroelectric_1,2019,0.0,0.0,.,
Eastern_conventional_hydroelectric_1,2021,0.0,0.0,.,
Eastern_conventional_hydroelectric_1,2022,0.0,0.0,.,
Eastern_conventional_hydroelectric_1,2023,0.0,0.0,.,
Eastern_conventional_hydroelectric_1,2024,0.0,0.0,.,
Eastern_conventional_hydroelectric_1,2025,0.0,0.0,.,
Eastern_conventional_hydroelectric_1,2026,0.0,0.0,.,
Eastern_conventional_steam_coal_1,1930,0.0,0.0,.,
Eastern_conventional_steam_coal_1,1936,0.0,0.0,.,
Eastern_conventional_steam_coal_1,1939,0.0,0.0,.,
Eastern_conventional_steam_coal_1,1941,0.0,0.0,.,
Eastern_conventional_steam_coal_1,1946,0.0,0.0,.,
Eastern_conventional_steam_coal_1,1948,0.0,0.0,.,
Eastern_conventional_steam_coal_1,1949,0.0,0.0,.,
Eastern_conventional_steam_coal_1,1950,0.0,0.0,.,
Eastern_conventional_steam_coal_1,1951,0.0,0.0,.,
Eastern_conventional_steam_coal_1,1952,0.0,0.0,.,
Eastern_conventional_steam_coal_1,1953,0.0,0.0,.,
Eastern_conventional_steam_coal_1,1954,0.0,0.0,.,
Eastern_conventional_steam_coal_1,1955,0.0,0.0,.,
Eastern_conventional_steam_coal_1,1956,0.0,0.0,.,
Eastern_conventional_steam_coal_1,1957,0.0,0.0,.,
Eastern_conventional_steam_coal_1,1958,0.0,0.0,.,
Eastern_conventional_steam_coal_1,1959,0.0,0.0,.,
Eastern_conventional_steam_coal_1,1960,0.0,0.0,.,
Eastern_conventional_steam_coal_1,1961,0.0,0.0,.,
Eastern_conventional_steam_coal_1,1962,0.0,0.0,.,
Eastern_conventional_steam_coal_1,1963,0.0,0.0,.,
Eastern_conventional_steam_coal_1,1964,0.0,0.0,.,
Eastern_conventional_steam_coal_1,1965,0.0,0.0,.,
Eastern_conventional_steam_coal_1,1966,0.0,0.0,.,
Eastern_conventional_steam_coal_1,1967,0.0,0.0,.,
Eastern_conventional_steam_coal_1,1968,0.0,0.0,.,
Eastern_conventional_steam_coal_1,1969,0.0,0.0,.,
Eastern_conventional_steam_coal_1,1970,0.0,0.0,.,
Eastern_conventional_steam_coal_1,1971,0.0,0.0,.,
Eastern_conventional_steam_coal_1,1972,0.0,0.0,.,
Eastern_conventional_steam_coal_1,1973,0.0,0.0,.,
Eastern_conventional_steam_coal_1,1974,0.0,0.0,.,
Eastern_conventional_steam_coal_1,1975,0.0,0.0,.,
Eastern_conventional_steam_coal_1,1976,0.0,0.0,.,
Eastern_conventional_steam_coal_1,1977,0.0,0.0,.,
Eastern_conventional_steam_coal_1,1978,0.0,0.0,.,
Eastern_conventional_steam_coal_1,1979,0.0,0.0,.,
Eastern_conventional_steam_coal_1,1980,0.0,0.0,.,
Eastern_conventional_steam_coal_1,1981,0.0,0.0,.,
Eastern_conventional_steam_coal_1,1982,0.0,0.0,.,
Eastern_conventional_steam_coal_1,1983,0.0,0.0,.,
Eastern_conventional_steam_coal_1,1984,0.0,0.0,.,
Eastern_conventional_steam_coal_1,1985,0.0,0.0,.,
Eastern_conventional_steam_coal_1,1986,0.0,0.0,.,
Eastern_conventional_steam_coal_1,1987,0.0,0.0,.,
Eastern_conventional_steam_coal_1,1988,0.0,0.0,.,
Eastern_conventional_steam_coal_1,1989,0.0,0.0,.,
Eastern_conventional_steam_coal_1,1990,0.0,0.0,.,
Eastern_conventional_steam_coal_1,1991,0.0,0.0,.,
Eastern_conventional_steam_coal_1,1992,0.0,0.0,.,
Eastern_conventional_steam_coal_1,1993,0.0,0.0,.,
Eastern_conventional_steam_coal_1,1994,0.0,0.0,.,
Eastern_conventional_steam_coal_1,1995,0.0,0.0,.,
Eastern_conventional_steam_coal_1,1996,0.0,0.0,.,
Eastern_conventional_steam_coal_1,1997,0.0,0.0,.,
Eastern_conventional_steam_coal_1,1998,0.0,0.0,.,
Eastern_conventional_steam_coal_1,1999,0.0,0.0,.,
Eastern_conventional_steam_coal_1,2000,0.0,0.0,.,
Eastern_conventional_steam_coal_1,2001,0.0,0.0,.,
Eastern_conventional_steam_coal_1,2004,0.0,0.0,.,
Eastern_conventional_steam_coal_1,2005,0.0,0.0,.,
Eastern_conventional_steam_coal_1,2007,0.0,0.0,.,
Eastern_conventional_steam_coal_1,2008,0.0,0.0,.,
Eastern_conventional_steam_coal_1,2009,0.0,0.0,.,
Eastern_conventional_steam_coal_1,2010,0.0,0.0,.,
Eastern_conventional_steam_coal_1,2011,0.0,0.0,.,
Eastern_conventional_steam_coal_1,2012,0.0,0.0,.,
Eastern_hydroelectric_pumped_storage_1,1928,0.0,0.0,0.0,
Eastern_hydroelectric_pumped_storage_1,1929,0.0,0.0,0.0,
Eastern_hydroelectric_pumped_storage_1,1956,0.0,0.0,0.0,
Eastern_hydroelectric_pumped_storage_1,1961,0.0,0.0,0.0,
Eastern_hydroelectric_pumped_storage_1,1962,0.0,0.0,0.0,
Eastern_hydroelectric_pumped_storage_1,1963,0.0,0.0,0.0,
Eastern_hydroelectric_pumped_storage_1,1965,0.0,0.0,0.0,
Eastern_hydroelectric_pumped_storage_1,1966,0.0,0.0,0.0,
Eastern_hydroelectric_pumped_storage_1,1967,0.0,0.0,0.0,
Eastern_hydroelectric_pumped_storage_1,1968,0.0,0.0,0.0,
Eastern_hydroelectric_pumped_storage_1,1970,0.0,0.0,0.0,
Eastern_hydroelectric_pumped_storage_1,1971,0.0,0.0,0.0,
Eastern_hydroelectric_pumped_storage_1,1972,0.0,0.0,0.0,
Eastern_hydroelectric_pumped_storage_1,1973,0.0,0.0,0.0,
Eastern_hydroelectric_pumped_storage_1,1974,0.0,0.0,0.0,
Eastern_hydroelectric_pumped_storage_1,1975,0.0,0.0,0.0,
Eastern_hydroelectric_pumped_storage_1,1977,0.0,0.0,0.0,
Eastern_hydroelectric_pumped_storage_1,1978,0.0,0.0,0.0,
Eastern_hydroelectric_pumped_storage_1,1979,0.0,0.0,0.0,
Eastern_hydroelectric_pumped_storage_1,1980,0.0,0.0,0.0,
Eastern_hydroelectric_pumped_storage_1,1981,0.0,0.0,0.0,
Eastern_hydroelectric_pumped_storage_1,1982,0.0,0.0,0.0,
Eastern_hydroelectric_pumped_storage_1,1984,0.0,0.0,0.0,
Eastern_hydroelectric_pumped_storage_1,1985,0.0,0.0,0.0,
Eastern_hydroelectric_pumped_storage_1,1991,0.0,0.0,0.0,
Eastern_hydroelectric_pumped_storage_1,1995,0.0,0.0,0.0,
Eastern_hydroelectric_pumped_storage_1,2002,0.0,0.0,0.0,
Eastern_landbasedwind_class3_moderate_1,2040,1143733.1318041815,37343.0,.,0.0
Eastern_landbasedwind_class3_moderate_2,2040,1143733.1318041815,37343.0,.,0.0
Eastern_landbasedwind_class3_moderate_3,2040,1143733.1318041815,37343.0,.,0.0
Eastern_landbasedwind_class3_moderate_4,2040,1143733.1318041815,37343.0,.,0.0
Eastern_landbasedwind_class3_moderate_5,2040,1143733.1318041815,37343.0,.,0.0
Eastern_landbasedwind_class3_moderate_6,2040,1143733.1318041815,37343.0,.,0.0
Eastern_natural_gas_fired_combined_cycle_1,1945,0.0,0.0,.,
Eastern_natural_gas_fired_combined_cycle_1,1948,0.0,0.0,.,
Eastern_natural_gas_fired_combined_cycle_1,1950,0.0,0.0,.,
Eastern_natural_gas_fired_combined_cycle_1,1951,0.0,0.0,.,
Eastern_natural_gas_fired_combined_cycle_1,1953,0.0,0.0,.,
Eastern_natural_gas_fired_combined_cycle_1,1954,0.0,0.0,.,
Eastern_natural_gas_fired_combined_cycle_1,1956,0.0,0.0,.,
Eastern_natural_gas_fired_combined_cycle_1,1957,0.0,0.0,.,
Eastern_natural_gas_fired_combined_cycle_1,1958,0.0,0.0,.,
Eastern_natural_gas_fired_combined_cycle_1,1959,0.0,0.0,.,
Eastern_natural_gas_fired_combined_cycle_1,1961,0.0,0.0,.,
Eastern_natural_gas_fired_combined_cycle_1,1962,0.0,0.0,.,
Eastern_natural_gas_fired_combined_cycle_1,1963,0.0,0.0,.,
Eastern_natural_gas_fired_combined_cycle_1,1965,0.0,0.0,.,
Eastern_natural_gas_fired_combined_cycle_1,1966,0.0,0.0,.,
Eastern_natural_gas_fired_combined_cycle_1,1967,0.0,0.0,.,
Eastern_natural_gas_fired_combined_cycle_1,1968,0.0,0.0,.,
Eastern_natural_gas_fired_combined_cycle_1,1969,0.0,0.0,.,
Eastern_natural_gas_fired_combined_cycle_1,1970,0.0,0.0,.,
Eastern_natural_gas_fired_combined_cycle_1,1971,0.0,0.0,.,
Eastern_natural_gas_fired_combined_cycle_1,1973,0.0,0.0,.,
Eastern_natural_gas_fired_combined_cycle_1,1974,0.0,0.0,.,
Eastern_natural_gas_fired_combined_cycle_1,1975,0.0,0.0,.,
Eastern_natural_gas_fired_combined_cycle_1,1976,0.0,0.0,.,
Eastern_natural_gas_fired_combined_cycle_1,1977,0.0,0.0,.,
Eastern_natural_gas_fired_combined_cycle_1,1978,0.0,0.0,.,
Eastern_natural_gas_fired_combined_cycle_1,1979,0.0,0.0,.,
Eastern_natural_gas_fired_combined_cycle_1,1980,0.0,0.0,.,
Eastern_natural_gas_fired_combined_cycle_1,1981,0.0,0.0,.,
Eastern_natural_gas_fired_combined_cycle_1,1983,0.0,0.0,.,
Eastern_natural_gas_fired_combined_cycle_1,1984,0.0,0.0,.,
Eastern_natural_gas_fired_combined_cycle_1,1985,0.0,0.0,.,
Eastern_natural_gas_fired_combined_cycle_1,1986,0.0,0.0,.,
Eastern_natural_gas_fired_combined_cycle_1,1987,0.0,0.0,.,
Eastern_natural_gas_fired_combined_cycle_1,1988,0.0,0.0,.,
Eastern_natural_gas_fired_combined_cycle_1,1989,0.0,0.0,.,
Eastern_natural_gas_fired_combined_cycle_1,1990,0.0,0.0,.,
Eastern_natural_gas_fired_combined_cycle_1,1991,0.0,0.0,.,
Eastern_natural_gas_fired_combined_cycle_1,1992,0.0,0.0,.,
Eastern_natural_gas_fired_combined_cycle_1,1993,0.0,0.0,.,
Eastern_natural_gas_fired_combined_cycle_1,1994,0.0,0.0,.,
Eastern_natural_gas_fired_combined_cycle_1,1995,0.0,0.0,.,
Eastern_natural_gas_fired_combined_cycle_1,1996,0.0,0.0,.,
Eastern_natural_gas_fired_combined_cycle_1,1997,0.0,0.0,.,
Eastern_natural_gas_fired_combined_cycle_1,1998,0.0,0.0,.,
Eastern_natural_gas_fired_combined_cycle_1,1999,0.0,0.0,.,
Eastern_natural_gas_fired_combined_cycle_1,2000,0.0,0.0,.,
Eastern_natural_gas_fired_combined_cycle_1,2001,0.0,0.0,.,
Eastern_natural_gas_fired_combined_cycle_1,2002,0.0,0.0,.,
Eastern_natural_gas_fired_combined_cycle_1,2003,0.0,0.0,.,
Eastern_natural_gas_fired_combined_cycle_1,2004,0.0,0.0,.,
Eastern_natural_gas_fired_combined_cycle_1,2005,0.0,0.0,.,
Eastern_natural_gas_fired_combined_cycle_1,2006,0.0,0.0,.,
Eastern_natural_gas_fired_combined_cycle_1,2007,0.0,0.0,.,
Eastern_natural_gas_fired_combined_cycle_1,2008,0.0,0.0,.,
Eastern_natural_gas_fired_combined_cycle_1,2009,0.0,0.0,.,
Eastern_natural_gas_fired_combined_cycle_1,2010,0.0,0.0,.,
Eastern_natural_gas_fired_combined_cycle_1,2011,0.0,0.0,.,
Eastern_natural_gas_fired_combined_cycle_1,2012,0.0,0.0,.,
Eastern_natural_gas_fired_combined_cycle_1,2013,0.0,0.0,.,
Eastern_natural_gas_fired_combined_cycle_1,2014,0.0,0.0,.,
Eastern_natural_gas_fired_combined_cycle_1,2015,0.0,0.0,.,
Eastern_natural_gas_fired_combined_cycle_1,2016,0.0,0.0,.,
Eastern_natural_gas_fired_combined_cycle_1,2017,0.0,0.0,.,
Eastern_natural_gas_fired_combined_cycle_1,2018,0.0,0.0,.,
Eastern_natural_gas_fired_combined_cycle_1,2019,0.0,0.0,.,
Eastern_natural_gas_fired_combined_cycle_1,2021,0.0,0.0,.,
Eastern_natural_gas_fired_combined_cycle_1,2022,0.0,0.0,.,
Eastern_natural_gas_fired_combined_cycle_1,2023,0.0,0.0,.,
Eastern_natural_gas_fired_combined_cycle_1,2024,0.0,0.0,.,
Eastern_natural_gas_fired_combined_cycle_1,2025,0.0,0.0,.,
Eastern_natural_gas_fired_combined_cycle_1,2026,0.0,0.0,.,
Eastern_natural_gas_fired_combustion_turbine_1,1957,0.0,0.0,.,
Eastern_natural_gas_fired_combustion_turbine_1,1962,0.0,0.0,.,
Eastern_natural_gas_fired_combustion_turbine_1,1963,0.0,0.0,.,
Eastern_natural_gas_fired_combustion_turbine_1,1964,0.0,0.0,.,
Eastern_natural_gas_fired_combustion_turbine_1,1965,0.0,0.0,.,
Eastern_natural_gas_fired_combustion_turbine_1,1966,0.0,0.0,.,
Eastern_natural_gas_fired_combustion_turbine_1,1967,0.0,0.0,.,
Eastern_natural_gas_fired_combustion_turbine_1,1968,0.0,0.0,.,
Eastern_natural_gas_fired_combustion_turbine_1,1969,0.0,0.0,.,
Eastern_natural_gas_fired_combustion_turbine_1,1970,0.0,0.0,.,
Eastern_natural_gas_fired_combustion_turbine_1,1971,0.0,0.0,.,
Eastern_natural_gas_fired_combustion_turbine_1,1972,0.0,0.0,.,
Eastern_natural_gas_fired_combustion_turbine_1,1973,0.0,0.0,.,
Eastern_natural_gas_fired_combustion_turbine_1,1974,0.0,0.0,.,
Eastern_natural_gas_fired_combustion_turbine_1,1975,0.0,0.0,.,
Eastern_natural_gas_fired_combustion_turbine_1,1976,0.0,0.0,.,
Eastern_natural_gas_fired_combustion_turbine_1,1977,0.0,0.0,.,
Eastern_natural_gas_fired_combustion_turbine_1,1978,0.0,0.0,.,
Eastern_natural_gas_fired_combustion_turbine_1,1979,0.0,0.0,.,
Eastern_natural_gas_fired_combustion_turbine_1,1980,0.0,0.0,.,
Eastern_natural_gas_fired_combustion_turbine_1,1981,0.0,0.0,.,
Eastern_natural_gas_fired_combustion_turbine_1,1982,0.0,0.0,.,
Eastern_natural_gas_fired_combustion_turbine_1,1983,0.0,0.0,.,
Eastern_natural_gas_fired_combustion_turbine_1,1984,0.0,0.0,.,
Eastern_natural_gas_fired_combustion_turbine_1,1985,0.0,0.0,.,
Eastern_natural_gas_fired_combustion_turbine_1,1986,0.0,0.0,.,
Eastern_natural_gas_fired_combustion_turbine_1,1987,0.0,0.0,.,
Eastern_natural_gas_fired_combustion_turbine_1,1988,0.0,0.0,.,
Eastern_natural_gas_fired_combustion_turbine_1,1989,0.0,0.0,.,
Eastern_natural_gas_fired_combustion_turbine_1,1990,0.0,0.0,.,
Eastern_natural_gas_fired_combustion_turbine_1,1991,0.0,0.0,.,
Eastern_natural_gas_fired_combustion_turbine_1,1992,0.0,0.0,.,
Eastern_natural_gas_fired_combustion_turbine_1,1993,0.0,0.0,.,
Eastern_natural_gas_fired_combustion_turbine_1,1994,0.0,0.0,.,
Eastern_natural_gas_fired_combustion_turbine_1,1995,0.0,0.0,.,
Eastern_natural_gas_fired_combustion_turbine_1,1996,0.0,0.0,.,
Eastern_natural_gas_fired_combustion_turbine_1,1997,0.0,0.0,.,
Eastern_natural_gas_fired_combustion_turbine_1,1998,0.0,0.0,.,
Eastern_natural_gas_fired_combustion_turbine_1,1999,0.0,0.0,.,
Eastern_natural_gas_fired_combustion_turbine_1,2000,0.0,0.0,.,
Eastern_natural_gas_fired_combustion_turbine_1,2001,0.0,0.0,.,
Eastern_natural_gas_fired_combustion_turbine_1,2002,0.0,0.0,.,
Eastern_natural_gas_fired_combustion_turbine_1,2003,0.0,0.0,.,
Eastern_natural_gas_fired_combustion_turbine_1,2004,0.0,0.0,.,
Eastern_natural_gas_fired_combustion_turbine_1,2005,0.0,0.0,.,
Eastern_natural_gas_fired_combustion_turbine_1,2006,0.0,0.0,.,
Eastern_natural_gas_fired_combustion_turbine_1,2007,0.0,0.0,.,
Eastern_natural_gas_fired_combustion_turbine_1,2008,0.0,0.0,.,
Eastern_natural_gas_fired_combustion_turbine_1,2009,0.0,0.0,.,
Eastern_natural_gas_fired_combustion_turbine_1,2010,0.0,0.0,.,
Eastern_natural_gas_fired_combustion_turbine_1,2011,0.0,0.0,.,
Eastern_natural_gas_fired_combustion_turbine_1,2012,0.0,0.0,.,
Eastern_natural_gas_fired_combustion_turbine_1,2013,0.0,0.0,.,
Eastern_natural_gas_fired_combustion_turbine_1,2014,0.0,0.0,.,
Eastern_natural_gas_fired_combustion_turbine_1,2015,0.0,0.0,.,
Eastern_natural_gas_fired_combustion_turbine_1,2016,0.0,0.0,.,
Eastern_natural_gas_fired_combustion_turbine_1,2017,0.0,0.0,.,
Eastern_natural_gas_fired_combustion_turbine_1,2018,0.0,0.0,.,
Eastern_natural_gas_fired_combustion_turbine_1,2019,0.0,0.0,.,
Eastern_natural_gas_fired_combustion_turbine_1,2021,0.0,0.0,.,
Eastern_natural_gas_fired_combustion_turbine_1,2022,0.0,0.0,.,
Eastern_natural_gas_fired_combustion_turbine_1,2023,0.0,0.0,.,
Eastern_natural_gas_fired_combustion_turbine_1,2024,0.0,0.0,.,
Eastern_natural_gas_fired_combustion_turbine_1,2025,0.0,0.0,.,
Eastern_natural_gas_steam_turbine_1,1938,0.0,0.0,.,
Eastern_natural_gas_steam_turbine_1,1939,0.0,0.0,.,
Eastern_natural_gas_steam_turbine_1,1940,0.0,0.0,.,
Eastern_natural_gas_steam_turbine_1,1942,0.0,0.0,.,
Eastern_natural_gas_steam_turbine_1,1943,0.0,0.0,.,
Eastern_natural_gas_steam_turbine_1,1944,0.0,0.0,.,
Eastern_natural_gas_steam_turbine_1,1946,0.0,0.0,.,
Eastern_natural_gas_steam_turbine_1,1947,0.0,0.0,.,
Eastern_natural_gas_steam_turbine_1,1948,0.0,0.0,.,
Eastern_natural_gas_steam_turbine_1,1949,0.0,0.0,.,
Eastern_natural_gas_steam_turbine_1,1950,0.0,0.0,.,
Eastern_natural_gas_steam_turbine_1,1951,0.0,0.0,.,
Eastern_natural_gas_steam_turbine_1,1952,0.0,0.0,.,
Eastern_natural_gas_steam_turbine_1,1953,0.0,0.0,.,
Eastern_natural_gas_steam_turbine_1,1954,0.0,0.0,.,
Eastern_natural_gas_steam_turbine_1,1955,0.0,0.0,.,
Eastern_natural_gas_steam_turbine_1,1956,0.0,0.0,.,
Eastern_natural_gas_steam_turbine_1,1957,0.0,0.0,.,
Eastern_natural_gas_steam_turbine_1,1958,0.0,0.0,.,
Eastern_natural_gas_steam_turbine_1,1959,0.0,0.0,.,
Eastern_natural_gas_steam_turbine_1,1960,0.0,0.0,.,
Eastern_natural_gas_steam_turbine_1,1961,0.0,0.0,.,
Eastern_natural_gas_steam_turbine_1,1962,0.0,0.0,.,
Eastern_natural_gas_steam_turbine_1,1963,0.0,0.0,.,
Eastern_natural_gas_steam_turbine_1,1964,0.0,0.0,.,
Eastern_natural_gas_steam_turbine_1,1965,0.0,0.0,.,
Eastern_natural_gas_steam_turbine_1,1966,0.0,0.0,.,
Eastern_natural_gas_steam_turbine_1,1967,0.0,0.0,.,
Eastern_natural_gas_steam_turbine_1,1968,0.0,0.0,.,
Eastern_natural_gas_steam_turbine_1,1969,0.0,0.0,.,
Eastern_natural_gas_steam_turbine_1,1970,0.0,0.0,.,
Eastern_natural_gas_steam_turbine_1,1971,0.0,0.0,.,
Eastern_natural_gas_steam_turbine_1,1972,0.0,0.0,.,
Eastern_natural_gas_steam_turbine_1,1973,0.0,0.0,.,
Eastern_natural_gas_steam_turbine_1,1974,0.0,0.0,.,
Eastern_natural_gas_steam_turbine_1,1975,0.0,0.0,.,
Eastern_natural_gas_steam_turbine_1,1976,0.0,0.0,.,
Eastern_natural_gas_steam_turbine_1,1977,0.0,0.0,.,
Eastern_natural_gas_steam_turbine_1,1978,0.0,0.0,.,
Eastern_natural_gas_steam_turbine_1,1979,0.0,0.0,.,
Eastern_natural_gas_steam_turbine_1,1980,0.0,0.0,.,
Eastern_natural_gas_steam_turbine_1,1981,0.0,0.0,.,
Eastern_natural_gas_steam_turbine_1,1982,0.0,0.0,.,
Eastern_natural_gas_steam_turbine_1,1983,0.0,0.0,.,
Eastern_natural_gas_steam_turbine_1,1984,0.0,0.0,.,
Eastern_natural_gas_steam_turbine_1,1985,0.0,0.0,.,
Eastern_natural_gas_steam_turbine_1,1986,0.0,0.0,.,
Eastern_natural_gas_steam_turbine_1,1987,0.0,0.0,.,
Eastern_natural_gas_steam_turbine_1,1988,0.0,0.0,.,
Eastern_natural_gas_steam_turbine_1,1989,0.0,0.0,.,
Eastern_natural_gas_steam_turbine_1,1990,0.0,0.0,.,
Eastern_natural_gas_steam_turbine_1,1991,0.0,0.0,.,
Eastern_natural_gas_steam_turbine_1,1992,0.0,0.0,.,
Eastern_natural_gas_steam_turbine_1,1993,0.0,0.0,.,
Eastern_natural_gas_steam_turbine_1,1995,0.0,0.0,.,
Eastern_natural_gas_steam_turbine_1,1996,0.0,0.0,.,
Eastern_natural_gas_steam_turbine_1,1997,0.0,0.0,.,
Eastern_natural_gas_steam_turbine_1,1998,0.0,0.0,.,
Eastern_natural_gas_steam_turbine_1,1999,0.0,0.0,.,
Eastern_natural_gas_steam_turbine_1,2000,0.0,0.0,.,
Eastern_natural_gas_steam_turbine_1,2001,0.0,0.0,.,
Eastern_natural_gas_steam_turbine_1,2002,0.0,0.0,.,
Eastern_natural_gas_steam_turbine_1,2003,0.0,0.0,.,
Eastern_natural_gas_steam_turbine_1,2004,0.0,0.0,.,
Eastern_natural_gas_steam_turbine_1,2005,0.0,0.0,.,
Eastern_natural_gas_steam_turbine_1,2006,0.0,0.0,.,
Eastern_natural_gas_steam_turbine_1,2007,0.0,0.0,.,
Eastern_natural_gas_steam_turbine_1,2008,0.0,0.0,.,
Eastern_natural_gas_steam_turbine_1,2009,0.0,0.0,.,
Eastern_natural_gas_steam_turbine_1,2010,0.0,0.0,.,
Eastern_natural_gas_steam_turbine_1,2011,0.0,0.0,.,
Eastern_natural_gas_steam_turbine_1,2013,0.0,0.0,.,
Eastern_natural_gas_steam_turbine_1,2014,0.0,0.0,.,
Eastern_natural_gas_steam_turbine_1,2015,0.0,0.0,.,
Eastern_natural_gas_steam_turbine_1,2017,0.0,0.0,.,
Eastern_natural_gas_steam_turbine_1,2018,0.0,0.0,.,
Eastern_natural_gas_steam_turbine_1,2019,0.0,0.0,.,
Eastern_natural_gas_steam_turbine_1,2021,0.0,0.0,.,
Eastern_natural_gas_steam_turbine_1,2022,0.0,0.0,.,
Eastern_natural_gas_steam_turbine_1,2023,0.0,0.0,.,
Eastern_naturalgas_ccavgcf_moderate_0,2040,1060457.3975743088,28000.0,.,0.0
Eastern_naturalgas_ccccsavgcf_conservative_0,2040,2280759.1111121173,67000.0,.,0.0
Eastern_naturalgas_ctavgcf_moderate_0,2040,849261.9671214983,21000.0,.,0.0
Eastern_nuclear_1,1969,0.0,0.0,.,
Eastern_nuclear_1,1970,0.0,0.0,.,
Eastern_nuclear_1,1971,0.0,0.0,.,
Eastern_nuclear_1,1972,0.0,0.0,.,
Eastern_nuclear_1,1973,0.0,0.0,.,
Eastern_nuclear_1,1974,0.0,0.0,.,
Eastern_nuclear_1,1975,0.0,0.0,.,
Eastern_nuclear_1,1976,0.0,0.0,.,
Eastern_nuclear_1,1977,0.0,0.0,.,
Eastern_nuclear_1,1978,0.0,0.0,.,
Eastern_nuclear_1,1979,0.0,0.0,.,
Eastern_nuclear_1,1980,0.0,0.0,.,
Eastern_nuclear_1,1981,0.0,0.0,.,
Eastern_nuclear_1,1982,0.0,0.0,.,
Eastern_nuclear_1,1983,0.0,0.0,.,
Eastern_nuclear_1,1984,0.0,0.0,.,
Eastern_nuclear_1,1985,0.0,0.0,.,
Eastern_nuclear_1,1986,0.0,0.0,.,
Eastern_nuclear_1,1987,0.0,0.0,.,
Eastern_nuclear_1,1988,0.0,0.0,.,
Eastern_nuclear_1,1989,0.0,0.0,.,
Eastern_nuclear_1,1990,0.0,0.0,.,
Eastern_nuclear_1,1996,0.0,0.0,.,
Eastern_nuclear_1,2016,0.0,0.0,.,
Eastern_nuclear_1,2023,0.0,0.0,.,
Eastern_nuclear_1,2024,0.0,0.0,.,
Eastern_nuclear_nuclear_moderate_0,2040,7424482.334143234,145960.0,.,0.0
Eastern_offshorewind_class12_moderate_floating_1_1,2040,4027060.1094212397,70436.0,.,0.0
Eastern_offshorewind_class12_moderate_floating_1_2,2040,4027060.1094212397,70436.0,.,0.0
Eastern_offshorewind_class3_moderate_fixed_1_1,2040,2524651.056423504,80459.0,.,0.0
Eastern_offshorewind_class3_moderate_fixed_1_2,2040,2524651.056423504,80459.0,.,0.0
Eastern_onshore_wind_turbine_1,1997,0.0,0.0,.,
Eastern_onshore_wind_turbine_1,1998,0.0,0.0,.,
Eastern_onshore_wind_turbine_1,1999,0.0,0.0,.,
Eastern_onshore_wind_turbine_1,2000,0.0,0.0,.,
Eastern_onshore_wind_turbine_1,2001,0.0,0.0,.,
Eastern_onshore_wind_turbine_1,2002,0.0,0.0,.,
Eastern_onshore_wind_turbine_1,2003,0.0,0.0,.,
Eastern_onshore_wind_turbine_1,2004,0.0,0.0,.,
Eastern_onshore_wind_turbine_1,2005,0.0,0.0,.,
Eastern_onshore_wind_turbine_1,2006,0.0,0.0,.,
Eastern_onshore_wind_turbine_1,2007,0.0,0.0,.,
Eastern_onshore_wind_turbine_1,2008,0.0,0.0,.,
Eastern_onshore_wind_turbine_1,2009,0.0,0.0,.,
Eastern_onshore_wind_turbine_1,2010,0.0,0.0,.,
Eastern_onshore_wind_turbine_1,2011,0.0,0.0,.,
Eastern_onshore_wind_turbine_1,2012,0.0,0.0,.,
Eastern_onshore_wind_turbine_1,2013,0.0,0.0,.,
Eastern_onshore_wind_turbine_1,2014,0.0,0.0,.,
Eastern_onshore_wind_turbine_1,2015,0.0,0.0,.,
Eastern_onshore_wind_turbine_1,2016,0.0,0.0,.,
Eastern_onshore_wind_turbine_1,2017,0.0,0.0,.,
Eastern_onshore_wind_turbine_1,2018,0.0,0.0,.,
Eastern_onshore_wind_turbine_1,2019,0.0,0.0,.,
Eastern_onshore_wind_turbine_1,2021,0.0,0.0,.,
Eastern_onshore_wind_turbine_1,2022,0.0,0.0,.,
Eastern_onshore_wind_turbine_1,2023,0.0,0.0,.,
Eastern_onshore_wind_turbine_1,2024,0.0,0.0,.,
Eastern_onshore_wind_turbine_1,2025,0.0,0.0,.,
Eastern_onshore_wind_turbine_1,2026,0.0,0.0,.,
Eastern_solar_photovoltaic_1,2005,0.0,0.0,.,
Eastern_solar_photovoltaic_1,2006,0.0,0.0,.,
Eastern_solar_photovoltaic_1,2007,0.0,0.0,.,
Eastern_solar_photovoltaic_1,2008,0.0,0.0,.,
Eastern_solar_photovoltaic_1,2009,0.0,0.0,.,
Eastern_solar_photovoltaic_1,2010,0.0,0.0,.,
Eastern_solar_photovoltaic_1,2011,0.0,0.0,.,
Eastern_solar_photovoltaic_1,2012,0.0,0.0,.,
Eastern_solar_photovoltaic_1,2013,0.0,0.0,.,
Eastern_solar_photovoltaic_1,2014,0.0,0.0,.,
Eastern_solar_photovoltaic_1,2015,0.0,0.0,.,
Eastern_solar_photovoltaic_1,2016,0.0,0.0,.,
Eastern_solar_photovoltaic_1,2017,0.0,0.0,.,
Eastern_solar_photovoltaic_1,2018,0.0,0.0,.,
Eastern_solar_photovoltaic_1,2019,0.0,0.0,.,
Eastern_solar_photovoltaic_1,2021,0.0,0.0,.,
Eastern_solar_photovoltaic_1,2022,0.0,0.0,.,
Eastern_solar_photovoltaic_1,2023,0.0,0.0,.,
Eastern_solar_photovoltaic_1,2024,0.0,0.0,.,
Eastern_solar_photovoltaic_1,2025,0.0,0.0,.,
Eastern_solar_photovoltaic_1,2026,0.0,0.0,.,
Eastern_utilitypv_class1_moderate_1,2040,744374.4067821964,14671.0,.,0.0
Eastern_utilitypv_class1_moderate_2,2040,744374.4067821964,14671.0,.,0.0
Eastern_utilitypv_class1_moderate_3,2040,744374.4067821964,14671.0,.,0.0
Eastern_utilitypv_class1_moderate_4,2040,744374.4067821964,14671.0,.,0.0
Eastern_utilitypv_class1_moderate_5,2040,744374.4067821964,14671.0,.,0.0
Eastern_utilitypv_class1_moderate_6,2040,744374.4067821964,14671.0,.,0.0
Western_conventional_hydroelectric_1,1896,0.0,0.0,.,
Western_conventional_hydroelectric_1,1898,0.0,0.0,.,
Western_conventional_hydroelectric_1,1899,0.0,0.0,.,
Western_conventional_hydroelectric_1,1900,0.0,0.0,.,
Western_conventional_hydroelectric_1,1902,0.0,0.0,.,
Western_conventional_hydroelectric_1,1903,0.0,0.0,.,
Western_conventional_hydroelectric_1,1904,0.0,0.0,.,
Western_conventional_hydroelectric_1,1905,0.0,0.0,.,
Western_conventional_hydroelectric_1,1906,0.0,0.0,.,
Western_conventional_hydroelectric_1,1907,0.0,0.0,.,
Western_conventional_hydroelectric_1,1908,0.0,0.0,.,
Western_conventional_hydroelectric_1,1909,0.0,0.0,.,
Western_conventional_hydroelectric_1,1910,0.0,0.0,.,
Western_conventional_hydroelectric_1,1911,0.0,0.0,.,
Western_conventional_hydroelectric_1,1912,0.0,0.0,.,
Western_conventional_hydroelectric_1,1913,0.0,0.0,.,
Western_conventional_hydroelectric_1,1914,0.0,0.0,.,
Western_conventional_hydroelectric_1,1915,0.0,0.0,.,
Western_conventional_hydroelectric_1,1916,0.0,0.0,.,
Western_conventional_hydroelectric_1,1917,0.0,0.0,.,
Western_conventional_hydroelectric_1,1918,0.0,0.0,.,
Western_conventional_hydroelectric_1,1919,0.0,0.0,.,
Western_conventional_hydroelectric_1,1920,0.0,0.0,.,
Western_conventional_hydroelectric_1,1921,0.0,0.0,.,
Western_conventional_hydroelectric_1,1922,0.0,0.0,.,
Western_conventional_hydroelectric_1,1923,0.0,0.0,.,
Western_conventional_hydroelectric_1,1924,0.0,0.0,.,
Western_conventional_hydroelectric_1,1925,0.0,0.0,.,
Western_conventional_hydroelectric_1,1926,0.0,0.0,.,
Western_conventional_hydroelectric_1,1927,0.0,0.0,.,
Western_conventional_hydroelectric_1,1928,0.0,0.0,.,
Western_conventional_hydroelectric_1,1929,0.0,0.0,.,
Western_conventional_hydroelectric_1,1930,0.0,0.0,.,
Western_conventional_hydroelectric_1,1931,0.0,0.0,.,
Western_conventional_hydroelectric_1,1932,0.0,0.0,.,
Western_conventional_hydroelectric_1,1935,0.0,0.0,.,
Western_conventional_hydroelectric_1,1936,0.0,0.0,.,
Western_conventional_hydroelectric_1,1937,0.0,0.0,.,
Western_conventional_hydroelectric_1,1938,0.0,0.0,.,
Western_conventional_hydroelectric_1,1939,0.0,0.0,.,
Western_conventional_hydroelectric_1,1940,0.0,0.0,.,
Western_conventional_hydroelectric_1,1941,0.0,0.0,.,
Western_conventional_hydroelectric_1,1942,0.0,0.0,.,
Western_conventional_hydroelectric_1,1943,0.0,0.0,.,
Western_conventional_hydroelectric_1,1944,0.0,0.0,.,
Western_conventional_hydroelectric_1,1945,0.0,0.0,.,
Western_conventional_hydroelectric_1,1946,0.0,0.0,.,
Western_conventional_hydroelectric_1,1947,0.0,0.0,.,
Western_conventional_hydroelectric_1,1948,0.0,0.0,.,
Western_conventional_hydroelectric_1,1949,0.0,0.0,.,
Western_conventional_hydroelectric_1,1950,0.0,0.0,.,
Western_conventional_hydroelectric_1,1951,0.0,0.0,.,
Western_conventional_hydroelectric_1,1952,0.0,0.0,.,
Western_conventional_hydroelectric_1,1953,0.0,0.0,.,
Western_conventional_hydroelectric_1,1954,0.0,0.0,.,
Western_conventional_hydroelectric_1,1955,0.0,0.0,.,
Western_conventional_hydroelectric_1,1956,0.0,0.0,.,
Western_conventional_hydroelectric_1,1957,0.0,0.0,.,
Western_conventional_hydroelectric_1,1958,0.0,0.0,.,
Western_conventional_hydroelectric_1,1959,0.0,0.0,.,
Western_conventional_hydroelectric_1,1960,0.0,0.0,.,
Western_conventional_hydroelectric_1,1961,0.0,0.0,.,
Western_conventional_hydroelectric_1,1962,0.0,0.0,.,
Western_conventional_hydroelectric_1,1963,0.0,0.0,.,
Western_conventional_hydroelectric_1,1964,0.0,0.0,.,
Western_conventional_hydroelectric_1,1965,0.0,0.0,.,
Western_conventional_hydroelectric_1,1966,0.0,0.0,.,
Western_conventional_hydroelectric_1,1967,0.0,0.0,.,
Western_conventional_hydroelectric_1,1968,0.0,0.0,.,
Western_conventional_hydroelectric_1,1969,0.0,0.0,.,
Western_conventional_hydroelectric_1,1970,0.0,0.0,.,
Western_conventional_hydroelectric_1,1971,0.0,0.0,.,
Western_conventional_hydroelectric_1,1972,0.0,0.0,.,
Western_conventional_hydroelectric_1,1973,0.0,0.0,.,
Western_conventional_hydroelectric_1,1974,0.0,0.0,.,
Western_conventional_hydroelectric_1,1975,0.0,0.0,.,
Western_conventional_hydroelectric_1,1976,0.0,0.0,.,
Western_conventional_hydroelectric_1,1977,0.0,0.0,.,
Western_conventional_hydroelectric_1,1978,0.0,0.0,.,
Western_conventional_hydroelectric_1,1979,0.0,0.0,.,
Western_conventional_hydroelectric_1,1980,0.0,0.0,.,
Western_conventional_hydroelectric_1,1981,0.0,0.0,.,
Western_conventional_hydroelectric_1,1982,0.0,0.0,.,
Western_conventional_hydroelectric_1,1983,0.0,0.0,.,
Western_conventional_hydroelectric_1,1984,0.0,0.0,.,
Western_conventional_hydroelectric_1,1985,0.0,0.0,.,
Western_conventional_hydroelectric_1,1986,0.0,0.0,.,
Western_conventional_hydroelectric_1,1987,0.0,0.0,.,
Western_conventional_hydroelectric_1,1988,0.0,0.0,.,
Western_conventional_hydroelectric_1,1989,0.0,0.0,.,
Western_conventional_hydroelectric_1,1990,0.0,0.0,.,
Western_conventional_hydroelectric_1,1991,0.0,0.0,.,
Western_conventional_hydroelectric_1,1992,0.0,0.0,.,
Western_conventional_hydroelectric_1,1993,0.0,0.0,.,
Western_conventional_hydroelectric_1,1994,0.0,0.0,.,
Western_conventional_hydroelectric_1,1995,0.0,0.0,.,
Western_conventional_hydroelectric_1,1996,0.0,0.0,.,
Western_conventional_hydroelectric_1,1997,0.0,0.0,.,
Western_conventional_hydroelectric_1,1998,0.0,0.0,.,
Western_conventional_hydroelectric_1,1999,0.0,0.0,.,
Western_conventional_hydroelectric_1,2000,0.0,0.0,.,
Western_conventional_hydroelectric_1,2001,0.0,0.0,.,
Western_conventional_hydroelectric_1,2002,0.0,0.0,.,
Western_conventional_hydroelectric_1,2004,0.0,0.0,.,
Western_conventional_hydroelectric_1,2006,0.0,0.0,.,
Western_conventional_hydroelectric_1,2007,0.0,0.0,.,
Western_conventional_hydroelectric_1,2008,0.0,0.0,.,
Western_conventional_hydroelectric_1,2009,0.0,0.0,.,
Western_conventional_hydroelectric_1,2010,0.0,0.0,.,
Western_conventional_hydroelectric_1,2011,0.0,0.0,.,
Western_conventional_hydroelectric_1,2012,0.0,0.0,.,
Western_conventional_hydroelectric_1,2013,0.0,0.0,.,
Western_conventional_hydroelectric_1,2014,0.0,0.0,.,
Western_conventional_hydroelectric_1,2015,0.0,0.0,.,
Western_conventional_hydroelectric_1,2016,0.0,0.0,.,
Western_conventional_hydroelectric_1,2017,0.0,0.0,.,
Western_conventional_hydroelectric_1,2018,0.0,0.0,.,
Western_conventional_hydroelectric_1,2019,0.0,0.0,.,
Western_conventional_hydroelectric_1,2021,0.0,0.0,.,
Western_conventional_hydroelectric_1,2022,0.0,0.0,.,
Western_conventional_hydroelectric_1,2023,0.0,0.0,.,
Western_conventional_steam_coal_1,1947,0.0,0.0,.,
Western_conventional_steam_coal_1,1953,0.0,0.0,.,
Western_conventional_steam_coal_1,1959,0.0,0.0,.,
Western_conventional_steam_coal_1,1961,0.0,0.0,.,
Western_conventional_steam_coal_1,1962,0.0,0.0,.,
Western_conventional_steam_coal_1,1963,0.0,0.0,.,
Western_conventional_steam_coal_1,1964,0.0,0.0,.,
Western_conventional_steam_coal_1,1968,0.0,0.0,.,
Western_conventional_steam_coal_1,1972,0.0,0.0,.,
Western_conventional_steam_coal_1,1974,0.0,0.0,.,
Western_conventional_steam_coal_1,1975,0.0,0.0,.,
Western_conventional_steam_coal_1,1976,0.0,0.0,.,
Western_conventional_steam_coal_1,1977,0.0,0.0,.,
Western_conventional_steam_coal_1,1978,0.0,0.0,.,
Western_conventional_steam_coal_1,1979,0.0,0.0,.,
Western_conventional_steam_coal_1,1980,0.0,0.0,.,
Western_conventional_steam_coal_1,1981,0.0,0.0,.,
Western_conventional_steam_coal_1,1982,0.0,0.0,.,
Western_conventional_steam_coal_1,1983,0.0,0.0,.,
Western_conventional_steam_coal_1,1984,0.0,0.0,.,
Western_conventional_steam_coal_1,1985,0.0,0.0,.,
Western_conventional_steam_coal_1,1986,0.0,0.0,.,
Western_conventional_steam_coal_1,1990,0.0,0.0,.,
Western_conventional_steam_coal_1,1993,0.0,0.0,.,
Western_conventional_steam_coal_1,1994,0.0,0.0,.,
Western_conventional_steam_coal_1,1995,0.0,0.0,.,
Western_conventional_steam_coal_1,2003,0.0,0.0,.,
Western_conventional_steam_coal_1,2006,0.0,0.0,.,
Western_conventional_steam_coal_1,2008,0.0,0.0,.,
Western_conventional_steam_coal_1,2009,0.0,0.0,.,
Western_conventional_steam_coal_1,2010,0.0,0.0,.,
Western_conventional_steam_coal_1,2011,0.0,0.0,.,
Western_geothermal_1,1971,0.0,0.0,.,
Western_geothermal_1,1972,0.0,0.0,.,
Western_geothermal_1,1975,0.0,0.0,.,
Western_geothermal_1,1979,0.0,0.0,.,
Western_geothermal_1,1980,0.0,0.0,.,
Western_geothermal_1,1982,0.0,0.0,.,
Western_geothermal_1,1983,0.0,0.0,.,
Western_geothermal_1,1984,0.0,0.0,.,
Western_geothermal_1,1985,0.0,0.0,.,
Western_geothermal_1,1986,0.0,0.0,.,
Western_geothermal_1,1987,0.0,0.0,.,
Western_geothermal_1,1988,0.0,0.0,.,
Western_geothermal_1,1989,0.0,0.0,.,
Western_geothermal_1,1990,0.0,0.0,.,
Western_geothermal_1,1992,0.0,0.0,.,
Western_geothermal_1,1993,0.0,0.0,.,
Western_geothermal_1,1996,0.0,0.0,.,
Western_geothermal_1,1998,0.0,0.0,.,
Western_geothermal_1,2000,0.0,0.0,.,
Western_geothermal_1,2002,0.0,0.0,.,
Western_geothermal_1,2003,0.0,0.0,.,
Western_geothermal_1,2005,0.0,0.0,.,
Western_geothermal_1,2006,0.0,0.0,.,
Western_geothermal_1,2007,0.0,0.0,.,
Western_geothermal_1,2008,0.0,0.0,.,
Western_geothermal_1,2009,0.0,0.0,.,
Western_geothermal_1,2010,0.0,0.0,.,
Western_geothermal_1,2011,0.0,0.0,.,
Western_geothermal_1,2012,0.0,0.0,.,
Western_geothermal_1,2013,0.0,0.0,.,
Western_geothermal_1,2014,0.0,0.0,.,
Western_geothermal_1,2015,0.0,0.0,.,
Western_geothermal_1,2017,0.0,0.0,.,
Western_geothermal_1,2018,0.0,0.0,.,
Western_geothermal_1,2019,0.0,0.0,.,
Western_geothermal_1,2021,0.0,0.0,.,
Western_geothermal_1,2022,0.0,0.0,.,
Western_geothermal_1,2023,0.0,0.0,.,
Western_hydroelectric_pumped_storage_1,1954,0.0,0.0,0.0,
Western_hydroelectric_pumped_storage_1,1967,0.0,0.0,0.0,
Western_hydroelectric_pumped_storage_1,1968,0.0,0.0,0.0,
Western_hydroelectric_pumped_storage_1,1969,0.0,0.0,0.0,
Western_hydroelectric_pumped_storage_1,1971,0.0,0.0,0.0,
Western_hydroelectric_pumped_storage_1,1972,0.0,0.0,0.0,
Western_hydroelectric_pumped_storage_1,1973,0.0,0.0,0.0,
Western_hydroelectric_pumped_storage_1,1974,0.0,0.0,0.0,
Western_hydroelectric_pumped_storage_1,1977,0.0,0.0,0.0,
Western_hydroelectric_pumped_storage_1,1978,0.0,0.0,0.0,
Western_hydroelectric_pumped_storage_1,1981,0.0,0.0,0.0,
Western_hydroelectric_pumped_storage_1,1983,0.0,0.0,0.0,
Western_hydroelectric_pumped_storage_1,1984,0.0,0.0,0.0,
Western_hydroelectric_pumped_storage_1,1987,0.0,0.0,0.0,
Western_hydroelectric_pumped_storage_1,1993,0.0,0.0,0.0,
Western_hydroelectric_pumped_storage_1,2012,0.0,0.0,0.0,
Western_landbasedwind_class3_moderate_1,2040,1905308.7256900345,37343.0,.,0.0
Western_landbasedwind_class3_moderate_2,2040,1905308.7256900345,37343.0,.,0.0
Western_landbasedwind_class3_moderate_3,2040,1905308.7256900345,37343.0,.,0.0
Western_landbasedwind_class3_moderate_4,2040,1905308.7256900345,37343.0,.,0.0
Western_landbasedwind_class3_moderate_5,2040,1905308.7256900345,37343.0,.,0.0
Western_landbasedwind_class3_moderate_6,2040,1905308.7256900345,37343.0,.,0.0
Western_natural_gas_fired_combined_cycle_1,1952,0.0,0.0,.,
Western_natural_gas_fired_combined_cycle_1,1959,0.0,0.0,.,
Western_natural_gas_fired_combined_cycle_1,1974,0.0,0.0,.,
Western_natural_gas_fired_combined_cycle_1,1975,0.0,0.0,.,
Western_natural_gas_fired_combined_cycle_1,1976,0.0,0.0,.,
Western_natural_gas_fired_combined_cycle_1,1977,0.0,0.0,.,
Western_natural_gas_fired_combined_cycle_1,1979,0.0,0.0,.,
Western_natural_gas_fired_combined_cycle_1,1980,0.0,0.0,.,
Western_natural_gas_fired_combined_cycle_1,1982,0.0,0.0,.,
Western_natural_gas_fired_combined_cycle_1,1987,0.0,0.0,.,
Western_natural_gas_fired_combined_cycle_1,1988,0.0,0.0,.,
Western_natural_gas_fired_combined_cycle_1,1989,0.0,0.0,.,
Western_natural_gas_fired_combined_cycle_1,1990,0.0,0.0,.,
Western_natural_gas_fired_combined_cycle_1,1991,0.0,0.0,.,
Western_natural_gas_fired_combined_cycle_1,1992,0.0,0.0,.,
Western_natural_gas_fired_combined_cycle_1,1993,0.0,0.0,.,
Western_natural_gas_fired_combined_cycle_1,1994,0.0,0.0,.,
Western_natural_gas_fired_combined_cycle_1,1995,0.0,0.0,.,
Western_natural_gas_fired_combined_cycle_1,1996,0.0,0.0,.,
Western_natural_gas_fired_combined_cycle_1,1997,0.0,0.0,.,
Western_natural_gas_fired_combined_cycle_1,1998,0.0,0.0,.,
Western_natural_gas_fired_combined_cycle_1,1999,0.0,0.0,.,
Western_natural_gas_fired_combined_cycle_1,2000,0.0,0.0,.,
Western_natural_gas_fired_combined_cycle_1,2001,0.0,0.0,.,
Western_natural_gas_fired_combined_cycle_1,2002,0.0,0.0,.,
Western_natural_gas_fired_combined_cycle_1,2003,0.0,0.0,.,
Western_natural_gas_fired_combined_cycle_1,2004,0.0,0.0,.,
Western_natural_gas_fired_combined_cycle_1,2005,0.0,0.0,.,
Western_natural_gas_fired_combined_cycle_1,2006,0.0,0.0,.,
Western_natural_gas_fired_combined_cycle_1,2007,0.0,0.0,.,
Western_natural_gas_fired_combined_cycle_1,2008,0.0,0.0,.,
Western_natural_gas_fired_combined_cycle_1,2009,0.0,0.0,.,
Western_natural_gas_fired_combined_cycle_1,2010,0.0,0.0,.,
Western_natural_gas_fired_combined_cycle_1,2011,0.0,0.0,.,
Western_natural_gas_fired_combined_cycle_1,2012,0.0,0.0,.,
Western_natural_gas_fired_combined_cycle_1,2013,0.0,0.0,.,
Western_natural_gas_fired_combined_cycle_1,2014,0.0,0.0,.,
Western_natural_gas_fired_combined_cycle_1,2015,0.0,0.0,.,
Western_natural_gas_fired_combined_cycle_1,2016,0.0,0.0,.,
Western_natural_gas_fired_combined_cycle_1,2025,0.0,0.0,.,
Western_natural_gas_fired_combustion_turbine_1,1963,0.0,0.0,.,
Western_natural_gas_fired_combustion_turbine_1,1969,0.0,0.0,.,
Western_natural_gas_fired_combustion_turbine_1,1971,0.0,0.0,.,
Western_natural_gas_fired_combustion_turbine_1,1972,0.0,0.0,.,
Western_natural_gas_fired_combustion_turbine_1,1973,0.0,0.0,.,
Western_natural_gas_fired_combustion_turbine_1,1974,0.0,0.0,.,
Western_natural_gas_fired_combustion_turbine_1,1975,0.0,0.0,.,
Western_natural_gas_fired_combustion_turbine_1,1976,0.0,0.0,.,
Western_natural_gas_fired_combustion_turbine_1,1977,0.0,0.0,.,
Western_natural_gas_fired_combustion_turbine_1,1978,0.0,0.0,.,
Western_natural_gas_fired_combustion_turbine_1,1979,0.0,0.0,.,
Western_natural_gas_fired_combustion_turbine_1,1981,0.0,0.0,.,
Western_natural_gas_fired_combustion_turbine_1,1982,0.0,0.0,.,
Western_natural_gas_fired_combustion_turbine_1,1983,0.0,0.0,.,
Western_natural_gas_fired_combustion_turbine_1,1984,0.0,0.0,.,
Western_natural_gas_fired_combustion_turbine_1,1985,0.0,0.0,.,
Western_natural_gas_fired_combustion_turbine_1,1986,0.0,0.0,.,
Western_natural_gas_fired_combustion_turbine_1,1987,0.0,0.0,.,
Western_natural_gas_fired_combustion_turbine_1,1988,0.0,0.0,.,
Western_natural_gas_fired_combustion_turbine_1,1989,0.0,0.0,.,
Western_natural_gas_fired_combustion_turbine_1,1990,0.0,0.0,.,
Western_natural_gas_fired_combustion_turbine_1,1991,0.0,0.0,.,
Western_natural_gas_fired_combustion_turbine_1,1992,0.0,0.0,.,
Western_natural_gas_fired_combustion_turbine_1,1993,0.0,0.0,.,
Western_natural_gas_fired_combustion_turbine_1,1994,0.0,0.0,.,
Western_natural_gas_fired_combustion_turbine_1,1995,0.0,0.0,.,
Western_natural_gas_fired_combustion_turbine_1,1996,0.0,0.0,.,
Western_natural_gas_fired_combustion_turbine_1,1999,0.0,0.0,.,
Western_natural_gas_fired_combustion_turbine_1,2000,0.0,0.0,.,
Western_natural_gas_fired_combustion_turbine_1,2001,0.0,0.0,.,
Western_natural_gas_fired_combustion_turbine_1,2002,0.0,0.0,.,
Western_natural_gas_fired_combustion_turbine_1,2003,0.0,0.0,.,
Western_natural_gas_fired_combustion_turbine_1,2004,0.0,0.0,.,
Western_natural_gas_fired_combustion_turbine_1,2005,0.0,0.0,.,
Western_natural_gas_fired_combustion_turbine_1,2006,0.0,0.0,.,
Western_natural_gas_fired_combustion_turbine_1,2007,0.0,0.0,.,
Western_natural_gas_fired_combustion_turbine_1,2008,0.0,0.0,.,
Western_natural_gas_fired_combustion_turbine_1,2009,0.0,0.0,.,
Western_natural_gas_fired_combustion_turbine_1,2010,0.0,0.0,.,
Western_natural_gas_fired_combustion_turbine_1,2011,0.0,0.0,.,
Western_natural_gas_fired_combustion_turbine_1,2012,0.0,0.0,.,
Western_natural_gas_fired_combustion_turbine_1,2013,0.0,0.0,.,
Western_natural_gas_fired_combustion_turbine_1,2014,0.0,0.0,.,
Western_natural_gas_fired_combustion_turbine_1,2015,0.0,0.0,.,
Western_natural_gas_fired_combustion_turbine_1,2016,0.0,0.0,.,
Western_natural_gas_fired_combustion_turbine_1,2017,0.0,0.0,.,
Western_natural_gas_fired_combustion_turbine_1,2018,0.0,0.0,.,
Western_natural_gas_fired_combustion_turbine_1,2019,0.0,0.0,.,
Western_natural_gas_fired_combustion_turbine_1,2022,0.0,0.0,.,
Western_natural_gas_fired_combustion_turbine_1,2023,0.0,0.0,.,
Western_natural_gas_steam_turbine_1,1947,0.0,0.0,.,
Western_natural_gas_steam_turbine_1,1948,0.0,0.0,.,
Western_natural_gas_steam_turbine_1,1951,0.0,0.0,.,
Western_natural_gas_steam_turbine_1,1952,0.0,0.0,.,
Western_natural_gas_steam_turbine_1,1953,0.0,0.0,.,
Western_natural_gas_steam_turbine_1,1954,0.0,0.0,.,
Western_natural_gas_steam_turbine_1,1955,0.0,0.0,.,
Western_natural_gas_steam_turbine_1,1957,0.0,0.0,.,
Western_natural_gas_steam_turbine_1,1958,0.0,0.0,.,
Western_natural_gas_steam_turbine_1,1959,0.0,0.0,.,
Western_natural_gas_steam_turbine_1,1960,0.0,0.0,.,
Western_natural_gas_steam_turbine_1,1961,0.0,0.0,.,
Western_natural_gas_steam_turbine_1,1962,0.0,0.0,.,
Western_natural_gas_steam_turbine_1,1963,0.0,0.0,.,
Western_natural_gas_steam_turbine_1,1964,0.0,0.0,.,
Western_natural_gas_steam_turbine_1,1967,0.0,0.0,.,
Western_natural_gas_steam_turbine_1,1968,0.0,0.0,.,
Western_natural_gas_steam_turbine_1,1971,0.0,0.0,.,
Western_natural_gas_steam_turbine_1,1972,0.0,0.0,.,
Western_natural_gas_steam_turbine_1,1974,0.0,0.0,.,
Western_natural_gas_steam_turbine_1,1976,0.0,0.0,.,
Western_natural_gas_steam_turbine_1,1977,0.0,0.0,.,
Western_natural_gas_steam_turbine_1,1979,0.0,0.0,.,
Western_natural_gas_steam_turbine_1,1982,0.0,0.0,.,
Western_natural_gas_steam_turbine_1,1983,0.0,0.0,.,
Western_natural_gas_steam_turbine_1,2010,0.0,0.0,.,
Western_natural_gas_steam_turbine_1,2023,0.0,0.0,.,
Western_naturalgas_ccavgcf_moderate_0,2040,1191965.307843638,28000.0,.,0.0
Western_naturalgas_ccccsavgcf_conservative_0,2040,2361672.9600258083,67000.0,.,0.0
Western_naturalgas_ctavgcf_moderate_0,2040,916393.0892338913,21000.0,.,0.0
Western_nuclear_1,1984,0.0,0.0,.,
Western_nuclear_1,1986,0.0,0.0,.,
Western_nuclear_1,1988,0.0,0.0,.,
Western_nuclear_nuclear_moderate_0,2040,8379155.794080036,145960.0,.,0.0
Western_offshorewind_class12_moderate_floating_1_1,2040,5269340.861003264,70436.0,.,0.0
Western_offshorewind_class12_moderate_floating_1_2,2040,5269340.861003264,70436.0,.,0.0
Western_onshore_wind_turbine_1,1975,0.0,0.0,.,
Western_onshore_wind_turbine_1,1981,0.0,0.0,.,
Western_onshore_wind_turbine_1,1982,0.0,0.0,.,
Western_onshore_wind_turbine_1,1983,0.0,0.0,.,
Western_onshore_wind_turbine_1,1984,0.0,0.0,.,
Western_onshore_wind_turbine_1,1985,0.0,0.0,.,
Western_onshore_wind_turbine_1,1986,0.0,0.0,.,
Western_onshore_wind_turbine_1,1987,0.0,0.0,.,
Western_onshore_wind_turbine_1,1988,0.0,0.0,.,
Western_onshore_wind_turbine_1,1989,0.0,0.0,.,
Western_onshore_wind_turbine_1,1990,0.0,0.0,.,
Western_onshore_wind_turbine_1,1992,0.0,0.0,.,
Western_onshore_wind_turbine_1,1993,0.0,0.0,.,
Western_onshore_wind_turbine_1,1994,0.0,0.0,.,
Western_onshore_wind_turbine_1,1997,0.0,0.0,.,
Western_onshore_wind_turbine_1,1998,0.0,0.0,.,
Western_onshore_wind_turbine_1,1999,0.0,0.0,.,
Western_onshore_wind_turbine_1,2000,0.0,0.0,.,
Western_onshore_wind_turbine_1,2001,0.0,0.0,.,
Western_onshore_wind_turbine_1,2002,0.0,0.0,.,
Western_onshore_wind_turbine_1,2003,0.0,0.0,.,
Western_onshore_wind_turbine_1,2004,0.0,0.0,.,
Western_onshore_wind_turbine_1,2005,0.0,0.0,.,
Western_onshore_wind_turbine_1,2006,0.0,0.0,.,
Western_onshore_wind_turbine_1,2007,0.0,0.0,.,
Western_onshore_wind_turbine_1,2008,0.0,0.0,.,
Western_onshore_wind_turbine_1,2009,0.0,0.0,.,
Western_onshore_wind_turbine_1,2010,0.0,0.0,.,
Western_onshore_wind_turbine_1,2011,0.0,0.0,.,
Western_onshore_wind_turbine_1,2012,0.0,0.0,.,
Western_onshore_wind_turbine_1,2013,0.0,0.0,.,
Western_onshore_wind_turbine_1,2014,0.0,0.0,.,
Western_onshore_wind_turbine_1,2015,0.0,0.0,.,
Western_onshore_wind_turbine_1,2016,0.0,0.0,.,
Western_onshore_wind_turbine_1,2017,0.0,0.0,.,
Western_onshore_wind_turbine_1,2018,0.0,0.0,.,
Western_onshore_wind_turbine_1,2019,0.0,0.0,.,
Western_onshore_wind_turbine_1,2021,0.0,0.0,.,
Western_onshore_wind_turbine_1,2022,0.0,0.0,.,
Western_onshore_wind_turbine_1,2023,0.0,0.0,.,
Western_onshore_wind_turbine_1,2024,0.0,0.0,.,
Western_onshore_wind_turbine_1,2025,0.0,0.0,.,
Western_onshore_wind_turbine_1,2027,0.0,0.0,.,
Western_onshore_wind_turbine_1,2028,0.0,0.0,.,
Western_onshore_wind_turbine_1,2029,0.0,0.0,.,
Western_solar_photovoltaic_1,2001,0.0,0.0,.,
Western_solar_photovoltaic_1,2002,0.0,0.0,.,
Western_solar_photovoltaic_1,2003,0.0,0.0,.,
Western_solar_photovoltaic_1,2005,0.0,0.0,.,
Western_solar_photovoltaic_1,2006,0.0,0.0,.,
Western_solar_photovoltaic_1,2007,0.0,0.0,.,
Western_solar_photovoltaic_1,2008,0.0,0.0,.,
Western_solar_photovoltaic_1,2009,0.0,0.0,.,
Western_solar_photovoltaic_1,2010,0.0,0.0,.,
Western_solar_photovoltaic_1,2011,0.0,0.0,.,
Western_solar_photovoltaic_1,2012,0.0,0.0,.,
Western_solar_photovoltaic_1,2013,0.0,0.0,.,
Western_solar_photovoltaic_1,2014,0.0,0.0,.,
Western_solar_photovoltaic_1,2015,0.0,0.0,.,
Western_solar_photovoltaic_1,2016,0.0,0.0,.,
Western_solar_photovoltaic_1,2017,0.0,0.0,.,
Western_solar_photovoltaic_1,2018,0.0,0.0,.,
Western_solar_photovoltaic_1,2019,0.0,0.0,.,
Western_solar_photovoltaic_1,2021,0.0,0.0,.,
Western_solar_photovoltaic_1,2022,0.0,0.0,.,
Western_solar_photovoltaic_1,2023,0.0,0.0,.,
Western_solar_photovoltaic_1,2024,0.0,0.0,.,
Western_solar_photovoltaic_1,2025,0.0,0.0,.,
Western_utilitypv_class1_moderate_1,2040,777793.0987180579,14671.0,.,0.0
Western_utilitypv_class1_moderate_2,2040,777793.0987180579,14671.0,.,0.0
Western_utilitypv_class1_moderate_3,2040,777793.0987180579,14671.0,.,0.0
Western_utilitypv_class1_moderate_4,2040,777793.0987180579,14671.0,.,0.0
Western_utilitypv_class1_moderate_5,2040,777793.0987180579,14671.0,.,0.0
Western_utilitypv_class1_moderate_6,2040,777793.0987180579,14671.0,.,0.0
